plasomDBID,bp,cc,mf
MAL13P1.1,1,2,1
MAL13P1.100,4,0,0
MAL13P1.102,0,2,1
MAL13P1.11,4,5,3
MAL13P1.111,1,0,0
MAL13P1.112,3,3,2
MAL13P1.113,6,5,1
MAL13P1.114,2,4,2
MAL13P1.115,0,3,1
MAL13P1.117,2,0,2
MAL13P1.119,9,3,1
MAL13P1.12,0,5,0
MAL13P1.120,2,3,1
MAL13P1.121,0,6,1
MAL13P1.122,8,5,2
MAL13P1.124,3,5,1
MAL13P1.125,0,2,1
MAL13P1.126,2,3,2
MAL13P1.127,0,1,0
MAL13P1.128,2,5,2
MAL13P1.13,0,2,2
MAL13P1.130,0,7,1
MAL13P1.131,0,4,0
MAL13P1.132,0,3,1
MAL13P1.133,0,1,0
MAL13P1.134,2,1,2
MAL13P1.135,6,5,1
MAL13P1.137,0,5,2
MAL13P1.138,0,0,2
MAL13P1.139,2,6,0
MAL13P1.14,1,3,2
MAL13P1.140,0,5,2
MAL13P1.144,2,3,0
MAL13P1.145,0,3,0
MAL13P1.146,3,0,1
MAL13P1.147,0,2,1
MAL13P1.148,3,5,2
MAL13P1.149,0,2,0
MAL13P1.15,0,2,1
MAL13P1.150,0,1,0
MAL13P1.151,0,1,0
MAL13P1.152,0,2,0
MAL13P1.153,0,3,1
MAL13P1.154,1,2,2
MAL13P1.155,0,0,1
MAL13P1.156,0,3,1
MAL13P1.160,0,3,0
MAL13P1.161,0,3,0
MAL13P1.162,1,0,0
MAL13P1.164,2,3,2
MAL13P1.165,3,2,0
MAL13P1.166,0,0,1
MAL13P1.167,2,7,1
MAL13P1.168,0,3,0
MAL13P1.169,6,6,1
MAL13P1.170,0,0,1
MAL13P1.171,1,5,1
MAL13P1.174,0,5,0
MAL13P1.176,2,2,1
MAL13P1.177,2,3,0
MAL13P1.179,0,2,0
MAL13P1.18,0,2,0
MAL13P1.180,2,2,2
MAL13P1.182,0,3,0
MAL13P1.183,3,6,4
MAL13P1.184,1,0,1
MAL13P1.185,2,3,2
MAL13P1.186,3,3,1
MAL13P1.188,0,5,2
MAL13P1.189,0,2,0
MAL13P1.19,5,3,1
MAL13P1.190,4,3,2
MAL13P1.191,4,0,1
MAL13P1.192,0,0,1
MAL13P1.193,1,1,0
MAL13P1.194,0,3,0
MAL13P1.195,0,2,0
MAL13P1.196,2,3,2
MAL13P1.197,0,2,1
MAL13P1.2,7,5,0
MAL13P1.20,1,0,1
MAL13P1.200,2,4,1
MAL13P1.201,3,2,1
MAL13P1.202,0,5,2
MAL13P1.203,0,4,0
MAL13P1.204,2,0,1
MAL13P1.205,7,3,2
MAL13P1.206,2,4,1
MAL13P1.209,2,5,1
MAL13P1.21,3,5,0
MAL13P1.210,3,3,1
MAL13P1.212,4,3,0
MAL13P1.213,2,6,2
MAL13P1.214,3,3,2
MAL13P1.216,0,0,2
MAL13P1.217,0,3,0
MAL13P1.218,3,0,1
MAL13P1.219,2,0,1
MAL13P1.22,4,4,2
MAL13P1.220,3,3,2
MAL13P1.221,3,3,2
MAL13P1.222,0,4,0
MAL13P1.224,0,0,1
MAL13P1.225,5,9,1
MAL13P1.226,0,2,0
MAL13P1.227,6,3,1
MAL13P1.228,0,2,0
MAL13P1.23-a,3,1,1
MAL13P1.23-b,3,1,1
MAL13P1.230,3,6,1
MAL13P1.231,1,1,0
MAL13P1.233,0,3,1
MAL13P1.235,0,2,0
MAL13P1.236,0,4,0
MAL13P1.237,0,3,1
MAL13P1.238,0,2,0
MAL13P1.239,0,1,0
MAL13P1.240,0,5,0
MAL13P1.241,7,0,2
MAL13P1.243,2,0,2
MAL13P1.245,0,2,0
MAL13P1.246,3,4,3
MAL13P1.247,0,3,1
MAL13P1.248,2,0,1
MAL13P1.249,0,2,0
MAL13P1.25,0,3,1
MAL13P1.251,3,2,2
MAL13P1.252,0,2,0
MAL13P1.253,2,5,0
MAL13P1.254,0,2,0
MAL13P1.255,3,3,1
MAL13P1.256,1,2,1
MAL13P1.258,1,2,2
MAL13P1.259,0,2,0
MAL13P1.260,0,2,1
MAL13P1.261,0,2,2
MAL13P1.262,2,3,2
MAL13P1.264,0,3,1
MAL13P1.266,1,1,0
MAL13P1.267,2,0,2
MAL13P1.270,2,3,1
MAL13P1.271,3,7,1
MAL13P1.274,2,3,1
MAL13P1.275,0,3,0
MAL13P1.276,0,6,0
MAL13P1.277,2,0,1
MAL13P1.278,2,3,2
MAL13P1.279,3,3,2
MAL13P1.281,3,3,2
MAL13P1.282,0,2,1
MAL13P1.283,2,3,1
MAL13P1.284,3,0,1
MAL13P1.285,2,0,0
MAL13P1.286,1,1,1
MAL13P1.287,0,4,0
MAL13P1.288,0,2,0
MAL13P1.289,0,3,2
MAL13P1.29,0,3,0
MAL13P1.290,5,5,1
MAL13P1.292,3,0,1
MAL13P1.294,6,0,1
MAL13P1.295,0,2,0
MAL13P1.296,0,2,1
MAL13P1.297,7,3,2
MAL13P1.298,0,2,0
MAL13P1.299,0,2,0
MAL13P1.30,0,2,1
MAL13P1.300,0,4,0
MAL13P1.301,7,0,1
MAL13P1.302,2,0,2
MAL13P1.303,0,0,1
MAL13P1.305,0,1,0
MAL13P1.307,3,0,0
MAL13P1.308,0,2,0
MAL13P1.309,0,0,1
MAL13P1.31,2,0,1
MAL13P1.310,1,5,1
MAL13P1.311,2,0,2
MAL13P1.316,3,4,2
MAL13P1.317,0,2,0
MAL13P1.318,2,4,1
MAL13P1.319,1,0,1
MAL13P1.320,2,4,0
MAL13P1.322,2,3,2
MAL13P1.323,0,2,0
MAL13P1.324,1,3,1
MAL13P1.326,3,3,2
MAL13P1.327,2,5,1
MAL13P1.328,0,0,1
MAL13P1.329,0,4,0
MAL13P1.33,4,4,2
MAL13P1.330,0,0,1
MAL13P1.332,0,3,1
MAL13P1.333,0,3,0
MAL13P1.334,0,3,0
MAL13P1.335,3,1,1
MAL13P1.336,2,2,2
MAL13P1.337,3,4,0
MAL13P1.338,2,5,1
MAL13P1.34,0,3,0
MAL13P1.341,1,2,0
MAL13P1.342,0,4,0
MAL13P1.343,2,3,0
MAL13P1.344,0,0,2
MAL13P1.345,4,3,1
MAL13P1.346,4,0,2
MAL13P1.348,3,7,1
MAL13P1.35,2,5,1
MAL13P1.350,0,2,0
MAL13P1.351,0,1,0
MAL13P1.352,0,1,0
MAL13P1.356,1,2,1
MAL13P1.36,2,3,2
MAL13P1.360,2,2,1
MAL13P1.365,6,6,1
MAL13P1.37,0,2,2
MAL13P1.38,1,4,1
MAL13P1.380,0,5,0
MAL13P1.385,2,5,0
MAL13P1.390,3,0,1
MAL13P1.395,0,3,0
MAL13P1.4,7,5,0
MAL13P1.40,0,0,2
MAL13P1.405,0,2,2
MAL13P1.41,0,2,0
MAL13P1.413,0,2,0
MAL13P1.42,2,3,1
MAL13P1.43,0,2,1
MAL13P1.44,2,4,1
MAL13P1.45,2,5,0
MAL13P1.465,0,2,1
MAL13P1.47,4,7,2
MAL13P1.470,0,3,0
MAL13P1.475,0,1,0
MAL13P1.480,0,3,0
MAL13P1.485,1,0,1
MAL13P1.49,0,5,0
MAL13P1.50,3,0,1
MAL13P1.500,7,5,0
MAL13P1.505,6,2,0
MAL13P1.51,7,7,1
MAL13P1.515,7,5,0
MAL13P1.52,0,3,0
MAL13P1.520,7,5,0
MAL13P1.53,0,3,0
MAL13P1.535,7,5,0
MAL13P1.54,0,3,0
MAL13P1.540,0,3,0
MAL13P1.55,2,6,2
MAL13P1.56,1,3,2
MAL13P1.580,0,2,0
MAL13P1.59,0,3,2
MAL13P1.60,3,5,2
MAL13P1.62,3,3,1
MAL13P1.63,0,0,1
MAL13P1.64,2,0,0
MAL13P1.66,0,1,0
MAL13P1.67,2,3,1
MAL13P1.68,2,3,0
MAL13P1.69,0,2,0
MAL13P1.7,6,2,0
MAL13P1.70,0,3,0
MAL13P1.71,0,3,0
MAL13P1.75,0,3,0
MAL13P1.76,4,5,1
MAL13P1.77,0,2,0
MAL13P1.78,0,2,1
MAL13P1.79,0,0,1
MAL13P1.82,3,1,1
MAL13P1.84,2,0,2
MAL13P1.85,3,4,0
MAL13P1.86,1,2,1
MAL13P1.87,0,3,0
MAL13P1.88,6,6,0
MAL13P1.92,2,5,2
MAL13P1.93,0,3,1
MAL13P1.94,0,2,0
MAL13P1.95,3,3,2
MAL13P1.96,3,5,1
MAL7P1.10,6,3,1
MAL7P1.100,7,0,2
MAL7P1.102,0,1,1
MAL7P1.104,3,3,2
MAL7P1.106,0,2,0
MAL7P1.107,0,2,0
MAL7P1.108,0,0,1
MAL7P1.11,0,0,1
MAL7P1.110,0,0,1
MAL7P1.111,0,3,0
MAL7P1.113,2,0,2
MAL7P1.118,3,0,0
MAL7P1.119,0,2,1
MAL7P1.12,0,1,0
MAL7P1.120,0,0,1
MAL7P1.122,6,0,1
MAL7P1.124,0,1,0
MAL7P1.125,4,3,1
MAL7P1.126,5,3,1
MAL7P1.127,2,0,3
MAL7P1.129,0,5,2
MAL7P1.130,3,0,1
MAL7P1.131,0,2,0
MAL7P1.132,2,3,2
MAL7P1.134,0,1,0
MAL7P1.137,2,0,1
MAL7P1.139,2,3,0
MAL7P1.141,0,3,0
MAL7P1.142,2,5,2
MAL7P1.144,2,3,2
MAL7P1.145,4,3,1
MAL7P1.146,0,2,0
MAL7P1.147,2,0,1
MAL7P1.149,3,5,1
MAL7P1.15,3,3,1
MAL7P1.150,3,3,1
MAL7P1.151,4,3,2
MAL7P1.155,0,0,1
MAL7P1.156,0,0,1
MAL7P1.157,0,3,0
MAL7P1.157a,0,0,1
MAL7P1.158,8,7,1
MAL7P1.159,1,3,2
MAL7P1.161,2,5,1
MAL7P1.162,2,5,2
MAL7P1.164,1,7,1
MAL7P1.167,0,2,0
MAL7P1.17,2,2,2
MAL7P1.172,3,2,0
MAL7P1.174,0,2,1
MAL7P1.176,2,5,2
MAL7P1.178,0,3,0
MAL7P1.18,2,0,2
MAL7P1.184,7,5,0
MAL7P1.185,7,5,0
MAL7P1.186,2,3,0
MAL7P1.187,7,4,2
MAL7P1.19,1,3,1
MAL7P1.20,4,3,1
MAL7P1.202,4,4,2
MAL7P1.203,0,3,0
MAL7P1.204,2,2,2
MAL7P1.206,4,0,1
MAL7P1.207,0,2,0
MAL7P1.208,2,9,1
MAL7P1.209,0,0,1
MAL7P1.21,2,6,1
MAL7P1.212,1,2,1
MAL7P1.213,7,5,0
MAL7P1.216,7,5,0
MAL7P1.217,7,5,0
MAL7P1.218,6,2,0
MAL7P1.222,7,5,0
MAL7P1.223,6,2,0
MAL7P1.224,0,2,0
MAL7P1.225-a,0,2,0
MAL7P1.227,6,2,0
MAL7P1.228,0,7,1
MAL7P1.23,0,3,0
MAL7P1.231,3,3,0
MAL7P1.26,2,3,2
MAL7P1.27,4,4,1
MAL7P1.28,2,3,1
MAL7P1.29,0,2,0
MAL7P1.3,0,1,0
MAL7P1.30,0,3,0
MAL7P1.300,2,4,1
MAL7P1.31,1,5,0
MAL7P1.310,6,2,0
MAL7P1.32,5,3,1
MAL7P1.320,2,5,1
MAL7P1.33,0,3,0
MAL7P1.340,4,5,2
MAL7P1.37,4,6,1
MAL7P1.38,3,3,1
MAL7P1.5,2,4,0
MAL7P1.50,7,4,2
MAL7P1.55,7,4,2
MAL7P1.56,7,4,2
MAL7P1.57,7,5,0
MAL7P1.58,2,4,0
MAL7P1.6,0,3,1
MAL7P1.65,0,1,1
MAL7P1.66,2,4,2
MAL7P1.67,0,1,1
MAL7P1.68,2,7,2
MAL7P1.69,6,0,1
MAL7P1.7,0,4,1
MAL7P1.73,7,0,2
MAL7P1.75,4,7,2
MAL7P1.76,0,4,0
MAL7P1.77,1,4,2
MAL7P1.78,4,6,0
MAL7P1.79,3,4,2
MAL7P1.81,4,3,1
MAL7P1.82,0,2,1
MAL7P1.84,0,1,0
MAL7P1.86,2,6,1
MAL7P1.88,4,0,0
MAL7P1.89,4,5,1
MAL7P1.91,2,3,2
MAL7P1.92,7,4,0
MAL7P1.93,2,6,1
MAL7P1.94,2,1,1
MAL7P1.97,0,4,1
MAL7P1.99,0,1,0
MAL8P1.101,0,3,1
MAL8P1.102,0,2,0
MAL8P1.104,0,3,1
MAL8P1.105,0,7,0
MAL8P1.107,0,0,1
MAL8P1.108,2,4,1
MAL8P1.109,2,3,2
MAL8P1.11,2,2,2
MAL8P1.110,2,5,1
MAL8P1.113,1,3,1
MAL8P1.114,0,2,0
MAL8P1.12,0,5,2
MAL8P1.121,2,7,1
MAL8P1.124,1,3,1
MAL8P1.125,3,2,2
MAL8P1.126,2,7,2
MAL8P1.127,0,2,1
MAL8P1.128,2,3,1
MAL8P1.13,1,4,1
MAL8P1.130,0,1,0
MAL8P1.131,4,0,1
MAL8P1.132,2,5,2
MAL8P1.133,0,0,1
MAL8P1.135,0,2,1
MAL8P1.138,0,3,0
MAL8P1.139,0,1,0
MAL8P1.14,4,2,0
MAL8P1.140,1,3,1
MAL8P1.142,2,3,1
MAL8P1.144,0,0,1
MAL8P1.146,0,0,1
MAL8P1.148,0,2,1
MAL8P1.150,7,2,3
MAL8P1.152,0,3,0
MAL8P1.153,4,0,1
MAL8P1.154,2,5,2
MAL8P1.156,3,0,2
MAL8P1.157,1,0,1
MAL8P1.16,2,2,1
MAL8P1.160,0,0,1
MAL8P1.161,0,3,0
MAL8P1.163,0,3,0
MAL8P1.17,5,5,2
MAL8P1.19,2,3,2
MAL8P1.2,0,3,0
MAL8P1.20,2,4,1
MAL8P1.200,0,0,1
MAL8P1.201,0,0,1
MAL8P1.203,2,2,2
MAL8P1.205,3,4,1
MAL8P1.21,6,5,1
MAL8P1.213,2,4,0
MAL8P1.216,7,5,0
MAL8P1.217,6,2,0
MAL8P1.218,7,5,0
MAL8P1.219,7,5,0
MAL8P1.22,3,0,1
MAL8P1.220,1,2,1
MAL8P1.23,2,0,1
MAL8P1.24,0,4,0
MAL8P1.25,0,3,1
MAL8P1.26,3,4,2
MAL8P1.27,2,3,1
MAL8P1.29,0,5,0
MAL8P1.3,0,2,0
MAL8P1.30,0,5,0
MAL8P1.300,3,3,1
MAL8P1.32,2,4,1
MAL8P1.33,0,0,2
MAL8P1.34,0,2,1
MAL8P1.35,2,0,2
MAL8P1.36,0,1,0
MAL8P1.37,3,3,1
MAL8P1.38,0,0,1
MAL8P1.380,0,0,1
MAL8P1.4,0,2,0
MAL8P1.40,4,0,1
MAL8P1.42,2,3,2
MAL8P1.43,2,3,0
MAL8P1.46,0,2,2
MAL8P1.47,0,2,1
MAL8P1.48,2,3,0
MAL8P1.49,0,3,0
MAL8P1.50,0,0,1
MAL8P1.51,3,7,1
MAL8P1.52,0,2,0
MAL8P1.53,0,2,2
MAL8P1.54,0,4,2
MAL8P1.55,2,2,2
MAL8P1.56,0,1,0
MAL8P1.58,3,0,1
MAL8P1.59,0,2,1
MAL8P1.6,0,6,0
MAL8P1.61,0,3,0
MAL8P1.62,0,1,0
MAL8P1.63,0,2,0
MAL8P1.64,2,6,2
MAL8P1.65,0,0,1
MAL8P1.66,5,3,0
MAL8P1.67,0,3,0
MAL8P1.68,3,5,1
MAL8P1.69,0,3,1
MAL8P1.7,0,5,2
MAL8P1.70,0,0,1
MAL8P1.72,9,3,1
MAL8P1.73,0,2,1
MAL8P1.74,0,2,0
MAL8P1.75,2,0,1
MAL8P1.75a,0,0,1
MAL8P1.76,6,5,2
MAL8P1.77,2,3,0
MAL8P1.78,1,2,0
MAL8P1.79,0,0,1
MAL8P1.8,2,5,2
MAL8P1.80,0,2,0
MAL8P1.81,0,0,1
MAL8P1.83,2,3,1
MAL8P1.84,0,2,0
MAL8P1.86,4,3,2
MAL8P1.9,2,5,1
MAL8P1.91,0,0,1
MAL8P1.92,6,3,2
MAL8P1.95,0,4,1
MAL8P1.97,0,2,0
MAL8P1.99,1,0,1
PF07_0003,7,5,0
PF07_0005,3,0,1
PF07_0006,0,2,0
PF07_0007,0,2,1
PF07_0008,0,2,1
PF07_0012,2,0,2
PF07_0013,0,1,0
PF07_0014,0,2,1
PF07_0015,0,0,1
PF07_0016,0,5,2
PF07_0017,0,0,1
PF07_0018,3,2,2
PF07_0019,0,0,1
PF07_0021,0,2,1
PF07_0023,2,4,2
PF07_0024,3,0,1
PF07_0025,0,1,0
PF07_0026,2,0,1
PF07_0027,2,6,2
PF07_0028,0,0,1
PF07_0029,3,0,2
PF07_0030,1,0,0
PF07_0031,0,2,0
PF07_0033,3,2,2
PF07_0034,5,5,1
PF07_0035,0,0,1
PF07_0036,4,3,2
PF07_0037,4,12,1
PF07_0039,4,3,1
PF07_0040,3,0,1
PF07_0041,4,3,2
PF07_0042,0,5,2
PF07_0043,2,5,1
PF07_0044,0,0,1
PF07_0045,1,6,0
PF07_0046,2,4,1
PF07_0047,6,3,2
PF07_0048,7,4,2
PF07_0049,7,4,2
PF07_0050,7,4,2
PF07_0051,7,4,2
PF07_0052,5,6,0
PF07_0054,2,5,1
PF07_0055,0,2,1
PF07_0056,0,0,1
PF07_0057,4,6,1
PF07_0059,1,2,1
PF07_0060,4,3,1
PF07_0062,2,0,2
PF07_0063,0,0,2
PF07_0064,0,2,0
PF07_0065,3,4,1
PF07_0066,2,3,1
PF07_0067,4,5,0
PF07_0068,3,3,2
PF07_0069,0,3,0
PF07_0070,1,1,1
PF07_0071,3,0,2
PF07_0072,2,0,2
PF07_0073,3,3,2
PF07_0074,0,2,1
PF07_0076,0,2,0
PF07_0077,2,3,0
PF07_0078,0,2,0
PF07_0079,2,5,1
PF07_0080,2,5,1
PF07_0081,0,3,0
PF07_0082,0,3,0
PF07_0084,0,2,0
PF07_0085,2,0,3
PF07_0087,0,3,0
PF07_0088,2,5,2
PF07_0089,0,3,0
PF07_0090a,3,3,1
PF07_0091,5,5,0
PF07_0092,0,6,0
PF07_0093,0,2,0
PF07_0095,2,0,2
PF07_0098,2,5,0
PF07_0100,2,3,2
PF07_0101,2,3,1
PF07_0102,7,2,0
PF07_0103,0,0,1
PF07_0104,2,5,2
PF07_0105,4,3,2
PF07_0106,0,2,0
PF07_0108,0,2,0
PF07_0109,0,3,0
PF07_0109a,0,7,1
PF07_0110,0,3,0
PF07_0111,0,1,0
PF07_0112,2,3,1
PF07_0113,4,3,1
PF07_0115,2,5,2
PF07_0116,0,2,1
PF07_0117,2,3,1
PF07_0118,0,1,0
PF07_0119,0,2,0
PF07_0120,3,0,1
PF07_0121,4,0,0
PF07_0123,2,0,1
PF07_0125,2,0,2
PF07_0126,4,3,1
PF07_0129,3,0,2
PF07_0130,6,3,0
PF07_0132,7,5,0
PF07_0134,7,5,0
PF07_0136,2,3,0
PF07_0138,7,5,0
PF08_0001,0,3,0
PF08_0003,0,5,0
PF08_0004,0,2,1
PF08_0005,0,2,0
PF08_0006,4,1,0
PF08_0007,0,0,1
PF08_0008,0,5,1
PF08_0009,4,3,1
PF08_0010,0,4,1
PF08_0011,3,3,2
PF08_0012,0,5,0
PF08_0013,2,2,1
PF08_0014,2,5,2
PF08_0015,0,2,0
PF08_0016,0,3,0
PF08_0017,2,4,1
PF08_0018,2,2,2
PF08_0019,0,2,1
PF08_0020,2,3,1
PF08_0022,3,2,0
PF08_0026,0,0,1
PF08_0028,0,2,1
PF08_0029,0,3,0
PF08_0030,4,3,0
PF08_0031,2,5,1
PF08_0032,4,0,2
PF08_0033,0,2,0
PF08_0034,6,3,2
PF08_0035,0,3,0
PF08_0036,2,9,1
PF08_0037,4,6,1
PF08_0038,2,4,1
PF08_0039,2,5,1
PF08_0041,1,0,1
PF08_0042,0,0,2
PF08_0043,0,3,0
PF08_0044,2,2,2
PF08_0045,3,5,2
PF08_0046,0,2,0
PF08_0047,0,4,0
PF08_0048,0,0,2
PF08_0049,2,5,0
PF08_0050,0,2,0
PF08_0052,2,0,0
PF08_0054,1,3,2
PF08_0055,3,6,0
PF08_0056,0,0,1
PF08_0057,0,0,1
PF08_0059,0,0,2
PF08_0061,0,1,0
PF08_0062,2,9,2
PF08_0063,1,3,2
PF08_0064,2,0,0
PF08_0065,1,5,0
PF08_0066,5,4,2
PF08_0067,6,3,1
PF08_0068,0,0,1
PF08_0069,2,4,2
PF08_0071,4,2,3
PF08_0073,0,0,2
PF08_0074,0,3,2
PF08_0075,2,5,1
PF08_0076,2,5,1
PF08_0077,3,2,1
PF08_0078,0,3,2
PF08_0079,2,0,1
PF08_0081,0,3,1
PF08_0082,0,2,0
PF08_0083,0,2,0
PF08_0084,3,5,1
PF08_0085,2,0,1
PF08_0086,2,0,2
PF08_0087,2,7,2
PF08_0088,4,2,0
PF08_0089,0,4,0
PF08_0091,0,2,1
PF08_0092,2,0,1
PF08_0094,2,3,1
PF08_0095,3,0,1
PF08_0096,0,0,2
PF08_0097,1,4,1
PF08_0099,0,0,1
PF08_0100,0,0,2
PF08_0101,0,3,1
PF08_0103,7,4,2
PF08_0104,7,5,0
PF08_0105,7,5,0
PF08_0106,7,4,2
PF08_0107,7,4,2
PF08_0108,1,0,1
PF08_0109,2,3,0
PF08_0110,7,3,2
PF08_0111,0,0,1
PF08_0112,0,3,1
PF08_0113,3,3,3
PF08_0114,0,3,0
PF08_0117,0,0,1
PF08_0118,0,3,2
PF08_0119,4,2,0
PF08_0120,0,0,1
PF08_0121,2,0,2
PF08_0123,2,0,2
PF08_0124,0,2,1
PF08_0125,3,5,3
PF08_0126,4,0,1
PF08_0127,3,3,0
PF08_0128,2,0,1
PF08_0129,2,3,1
PF08_0130,0,6,0
PF08_0131,3,2,2
PF08_0132,3,2,1
PF08_0134,0,2,0
PF08_0135,0,5,1
PF08_0136,0,0,2
PF08_0136b,1,5,1
PF08_0137,0,2,0
PF08_0138,7,5,0
PF08_0140,7,4,2
PF08_0141,7,4,2
PF08_0142,7,4,2
PF10_0001,7,4,2
PF10_0002,7,5,0
PF10_0003,2,3,0
PF10_0004,7,5,0
PF10_0005,7,5,0
PF10_0006,2,3,0
PF10_0013,0,5,0
PF10_0016,3,0,1
PF10_0017,0,2,0
PF10_0019,0,6,0
PF10_0023,0,3,0
PF10_0024,0,3,0
PF10_0025,0,1,0
PF10_0026,0,3,0
PF10_0027,0,4,1
PF10_0030,0,4,0
PF10_0031,0,3,0
PF10_0032,0,1,0
PF10_0033,0,2,0
PF10_0034,0,1,0
PF10_0035,3,4,0
PF10_0036,2,3,1
PF10_0037,0,6,2
PF10_0038,2,5,1
PF10_0039,2,4,1
PF10_0040,4,3,2
PF10_0041,2,0,2
PF10_0042,0,0,1
PF10_0043,2,5,1
PF10_0044,0,0,1
PF10_0045,1,3,0
PF10_0046,2,0,1
PF10_0047,0,0,1
PF10_0049,0,3,0
PF10_0050,0,1,0
PF10_0051,3,5,1
PF10_0052,0,3,2
PF10_0053,3,3,2
PF10_0054,1,6,1
PF10_0055,0,4,0
PF10_0056,0,1,0
PF10_0057,2,2,2
PF10_0057a,0,0,1
PF10_0058,0,0,1
PF10_0059,1,2,1
PF10_0060,0,3,2
PF10_0062,4,3,0
PF10_0063,0,3,1
PF10_0066,4,0,0
PF10_0067,1,6,0
PF10_0068,5,3,1
PF10_0070,0,2,0
PF10_0071,6,4,1
PF10_0072,0,2,1
PF10_0073,0,2,0
PF10_0074,0,2,0
PF10_0075,4,0,1
PF10_0076,0,2,0
PF10_0077,2,3,1
PF10_0078,5,3,1
PF10_0079,4,3,1
PF10_0080,4,3,2
PF10_0081,1,3,2
PF10_0082,0,5,0
PF10_0083,0,0,1
PF10_0084,4,5,3
PF10_0085,3,5,1
PF10_0086,2,2,2
PF10_0087,3,0,1
PF10_0088,0,4,0
PF10_0089,2,6,2
PF10_0090,1,2,1
PF10_0091,0,3,1
PF10_0093,0,3,1
PF10_0094,2,0,0
PF10_0096,0,1,0
PF10_0097,0,3,0
PF10_0098,0,3,0
PF10_0099,0,2,2
PF10_0100,1,2,0
PF10_0103,3,3,1
PF10_0104,3,6,1
PF10_0105,2,4,1
PF10_0106,2,4,2
PF10_0107,0,2,0
PF10_0108,1,4,2
PF10_0110,4,2,0
PF10_0111,2,4,1
PF10_0112,0,4,0
PF10_0114,4,3,1
PF10_0115,4,3,2
PF10_0116,3,3,2
PF10_0117,0,0,1
PF10_0118,0,2,1
PF10_0119,0,4,0
PF10_0120,3,7,0
PF10_0121,3,2,1
PF10_0122,1,0,2
PF10_0123,3,0,2
PF10_0124,0,3,0
PF10_0125,0,1,0
PF10_0126,3,5,0
PF10_0127,5,4,1
PF10_0128,3,6,0
PF10_0129,2,3,1
PF10_0130,0,2,0
PF10_0131,0,2,1
PF10_0132,8,2,2
PF10_0133,0,2,0
PF10_0135,0,4,0
PF10_0136,4,3,1
PF10_0137,3,2,2
PF10_0138,0,2,0
PF10_0140,0,3,1
PF10_0141,5,3,2
PF10_0142,0,1,0
PF10_0143,6,1,2
PF10_0144,1,4,0
PF10_0145,0,3,0
PF10_0146,0,6,2
PF10_0147,1,1,1
PF10_0150,2,0,1
PF10_0151,0,1,0
PF10_0152,2,3,2
PF10_0153,6,3,2
PF10_0154,3,0,1
PF10_0155,9,4,2
PF10_0156,0,3,1
PF10_0157,0,4,1
PF10_0158,3,2,2
PF10_0159,0,3,0
PF10_0160,2,4,2
PF10_0161,7,2,2
PF10_0161a,0,2,0
PF10_0163,0,1,0
PF10_0164,0,6,0
PF10_0165,2,6,2
PF10_0166,0,7,0
PF10_0167,3,1,2
PF10_0168-a,2,4,1
PF10_0168-b,2,4,1
PF10_0169,3,2,1
PF10_0172,2,2,2
PF10_0173,0,3,1
PF10_0174,2,3,1
PF10_0175,2,3,2
PF10_0176,0,0,1
PF10_0177a,0,3,2
PF10_0181,0,2,0
PF10_0184,0,2,0
PF10_0186,0,3,1
PF10_0187,2,5,1
PF10_0189,0,1,0
PF10_0190,3,4,1
PF10_0191,2,0,1
PF10_0193,1,4,1
PF10_0194,0,0,1
PF10_0195,0,1,0
PF10_0195a,2,5,0
PF10_0196,2,5,1
PF10_0197,3,3,2
PF10_0199,0,4,0
PF10_0200,1,0,1
PF10_0203,8,3,1
PF10_0204,2,0,1
PF10_0205,0,1,0
PF10_0207,0,4,0
PF10_0208,0,2,0
PF10_0209,3,3,2
PF10_0210,3,2,1
PF10_0211,4,6,1
PF10_0212a,0,6,0
PF10_0214,0,0,1
PF10_0215,0,1,0
PF10_0215a,0,1,0
PF10_0216,3,3,1
PF10_0217,2,3,1
PF10_0218,3,5,1
PF10_0220,4,0,1
PF10_0221,3,3,2
PF10_0222,0,3,1
PF10_0223,0,1,1
PF10_0224,2,5,2
PF10_0225,3,0,2
PF10_0226,0,1,0
PF10_0229,0,2,2
PF10_0230,0,2,1
PF10_0231,0,3,1
PF10_0232,0,0,1
PF10_0233,0,3,0
PF10_0234,0,3,0
PF10_0235,0,0,1
PF10_0236,0,1,0
PF10_0237,2,2,2
PF10_0238,0,1,2
PF10_0240,0,3,1
PF10_0241,0,2,0
PF10_0242,0,8,1
PF10_0243,0,4,0
PF10_0244,0,0,1
PF10_0245,1,3,2
PF10_0246,2,0,0
PF10_0246a,2,0,0
PF10_0250,2,6,2
PF10_0252,2,5,2
PF10_0253,0,5,2
PF10_0254,0,6,2
PF10_0257,0,4,0
PF10_0259,1,0,2
PF10_0260,2,3,0
PF10_0261,2,3,0
PF10_0262,2,3,1
PF10_0264,2,5,1
PF10_0265,4,6,1
PF10_0266,3,6,0
PF10_0267,2,0,2
PF10_0268,4,3,2
PF10_0269,2,6,2
PF10_0272,2,5,1
PF10_0273,2,1,2
PF10_0274,1,0,1
PF10_0275,3,4,1
PF10_0276,0,1,1
PF10_0277,3,0,0
PF10_0278,0,5,0
PF10_0279,2,2,2
PF10_0281,2,3,1
PF10_0282,0,2,0
PF10_0283,0,2,0
PF10_0285,1,5,0
PF10_0286,0,2,0
PF10_0287,0,2,0
PF10_0288,0,1,0
PF10_0289,4,0,1
PF10_0290,0,4,1
PF10_0292,2,6,1
PF10_0293,4,0,1
PF10_0294,2,0,2
PF10_0295,0,4,1
PF10_0296,2,2,2
PF10_0297,2,4,2
PF10_0298,2,3,1
PF10_0299,0,3,1
PF10_0300,2,0,2
PF10_0301,0,0,1
PF10_0302,0,3,0
PF10_0303,0,4,0
PF10_0304,0,2,0
PF10_0307,4,0,1
PF10_0309,0,0,1
PF10_0310,3,3,1
PF10_0311,2,3,2
PF10_0314,2,0,0
PF10_0315,0,1,0
PF10_0316,3,4,1
PF10_0317,6,5,1
PF10_0318,0,2,0
PF10_0319,0,3,0
PF10_0320,0,3,2
PF10_0320a,0,3,2
PF10_0321,2,5,0
PF10_0322,2,0,1
PF10_0323,0,6,0
PF10_0324,0,2,0
PF10_0325,6,2,1
PF10_0327,4,0,1
PF10_0328,6,3,1
PF10_0329,1,1,1
PF10_0330,2,0,1
PF10_0331,3,3,0
PF10_0332,2,6,1
PF10_0333,0,5,0
PF10_0334,3,7,2
PF10_0335,2,3,2
PF10_0336,2,3,0
PF10_0337,7,2,2
PF10_0338,0,1,0
PF10_0340,3,2,2
PF10_0341,2,0,2
PF10_0342,0,3,1
PF10_0343,0,5,0
PF10_0345,2,3,1
PF10_0346,2,0,1
PF10_0348,2,4,2
PF10_0351,0,0,1
PF10_0352,0,4,0
PF10_0355,2,4,2
PF10_0356,1,1,0
PF10_0357,0,3,1
PF10_0359,4,4,0
PF10_0360,0,2,1
PF10_0361,0,5,2
PF10_0362,4,6,2
PF10_0363,3,3,2
PF10_0365,0,4,0
PF10_0366,3,5,1
PF10_0368,3,5,2
PF10_0369,4,3,2
PF10_0370,8,0,0
PF10_0371,0,6,1
PF10_0373,4,2,1
PF10_0374,5,2,0
PF10_0375,0,1,0
PF10_0376,0,3,1
PF10_0377,0,3,1
PF10_0378,0,3,1
PF10_0379,1,0,1
PF10_0380,2,0,2
PF10_0381,0,1,0
PF10_0382,0,1,0
PF10_0388,2,2,1
PF10_0390,2,4,0
PF10_0393,7,5,0
PF10_0394,2,3,0
PF10_0395,6,3,0
PF10_0396,7,5,0
PF10_0397,2,3,0
PF10_0398,7,5,0
PF10_0399,2,3,0
PF10_0400,7,5,0
PF10_0401,2,3,0
PF10_0402,2,3,0
PF10_0403,7,5,0
PF10_0404,2,3,0
PF10_0405,7,5,0
PF10_0406,7,4,2
PF10_0407,3,5,1
PF10_0409,2,0,1
PF10_0412,2,3,2
PF10_0420,0,2,1
PF11_0007,7,4,2
PF11_0008,7,4,2
PF11_0009,7,5,0
PF11_0010,7,5,0
PF11_0011,7,5,0
PF11_0013,0,3,0
PF11_0014,2,4,0
PF11_0015,2,0,1
PF11_0020,2,3,0
PF11_0021,7,5,0
PF11_0025,2,4,0
PF11_0033,0,4,0
PF11_0034,0,1,0
PF11_0035,0,2,0
PF11_0037,0,2,0
PF11_0038,0,1,0
PF11_0039,0,6,0
PF11_0040,0,6,0
PF11_0041,0,3,0
PF11_0043,2,5,1
PF11_0044,3,3,0
PF11_0045,0,3,0
PF11_0047,6,5,1
PF11_0048,0,4,2
PF11_0049,0,1,0
PF11_0050,8,6,4
PF11_0051,3,3,2
PF11_0052,6,6,1
PF11_0053,5,5,2
PF11_0054,0,3,1
PF11_0055,4,5,1
PF11_0056,0,3,0
PF11_0059,3,5,0
PF11_0060,2,0,2
PF11_0061,3,5,1
PF11_0062,2,5,1
PF11_0063,0,3,0
PF11_0064,0,1,0
PF11_0065,2,5,2
PF11_0066,3,4,1
PF11_0067,2,7,1
PF11_0068,2,0,1
PF11_0069,0,1,0
PF11_0070,1,4,0
PF11_0071,4,2,2
PF11_0072,2,4,1
PF11_0073,0,3,0
PF11_0074,1,3,2
PF11_0075,0,0,1
PF11_0076,3,5,1
PF11_0077,0,0,1
PF11_0078,0,2,2
PF11_0079,7,2,3
PF11_0080,0,2,1
PF11_0083,2,0,1
PF11_0086,0,0,1
PF11_0087,4,3,2
PF11_0088,5,3,2
PF11_0089,0,5,2
PF11_0090,5,5,1
PF11_0091,4,0,1
PF11_0092,3,1,0
PF11_0093,2,3,1
PF11_0094,0,1,0
PF11_0095,3,2,1
PF11_0095a,2,0,1
PF11_0096,2,4,2
PF11_0097,3,7,2
PF11_0098,1,3,1
PF11_0099,6,3,1
PF11_0100,0,2,0
PF11_0101,0,2,0
PF11_0105,3,6,1
PF11_0106,2,5,1
PF11_0107,0,4,1
PF11_0108,2,3,0
PF11_0109,3,3,1
PF11_0111,0,0,1
PF11_0112,2,5,1
PF11_0113,2,5,1
PF11_0114,2,5,2
PF11_0116,3,0,2
PF11_0117,2,5,0
PF11_0118,0,3,2
PF11_0119,6,5,1
PF11_0120,0,2,1
PF11_0121,0,0,1
PF11_0122,3,0,0
PF11_0123,0,2,0
PF11_0124,2,3,1
PF11_0125,4,3,1
PF11_0126,1,4,0
PF11_0127,2,4,2
PF11_0128,3,0,0
PF11_0129,3,3,2
PF11_0130,0,0,1
PF11_0131,4,0,2
PF11_0135,0,3,0
PF11_0139,2,3,1
PF11_0140,0,1,0
PF11_0141,3,1,1
PF11_0142,4,3,0
PF11_0143,0,0,1
PF11_0145,3,2,2
PF11_0146,0,2,0
PF11_0147,7,0,3
PF11_0155,0,0,1
PF11_0156,2,3,2
PF11_0157,3,4,2
PF11_0158,0,4,0
PF11_0160,4,2,1
PF11_0161,1,3,1
PF11_0162,2,3,1
PF11_0163,4,0,1
PF11_0164,2,3,2
PF11_0165,1,4,2
PF11_0166,0,3,0
PF11_0167,2,2,2
PF11_0168,2,2,1
PF11_0168a,0,3,0
PF11_0170,2,0,1
PF11_0171,2,6,2
PF11_0172,1,4,1
PF11_0173,3,7,1
PF11_0174,1,7,1
PF11_0175,6,9,1
PF11_0176,0,3,0
PF11_0177,2,2,1
PF11_0178,0,3,0
PF11_0180,0,1,0
PF11_0181,3,3,2
PF11_0183,7,4,2
PF11_0184,4,3,2
PF11_0185,0,1,0
PF11_0187,1,5,1
PF11_0188,3,3,2
PF11_0189,0,0,2
PF11_0190,1,0,1
PF11_0191,3,6,0
PF11_0192,6,3,1
PF11_0193,0,5,2
PF11_0195,6,5,0
PF11_0197,0,3,1
PF11_0198,0,0,1
PF11_0199,3,0,1
PF11_0200,2,5,1
PF11_0201,0,1,1
PF11_0202,1,5,0
PF11_0203,1,2,2
PF11_0204,4,0,2
PF11_0205,0,0,1
PF11_0206,0,3,0
PF11_0207,0,2,1
PF11_0208,3,2,1
PF11_0209,0,4,1
PF11_0211,0,3,1
PF11_0212,2,3,2
PF11_0213,0,1,0
PF11_0214,0,5,0
PF11_0215,0,4,0
PF11_0216,0,3,1
PF11_0217,2,2,2
PF11_0218,0,5,2
PF11_0219,0,2,1
PF11_0220,2,2,2
PF11_0223,0,2,0
PF11_0224,3,6,1
PF11_0225,5,1,3
PF11_0226,0,0,2
PF11_0227,2,0,2
PF11_0228,2,3,0
PF11_0229,3,7,1
PF11_0230,0,3,0
PF11_0231,0,4,0
PF11_0232,0,5,2
PF11_0233,0,3,1
PF11_0234,0,2,1
PF11_0238,0,4,0
PF11_0239,2,0,2
PF11_0240,2,5,2
PF11_0241,0,0,1
PF11_0242,2,3,2
PF11_0244,0,3,1
PF11_0245,2,3,2
PF11_0246,0,3,1
PF11_0248,0,3,0
PF11_0249,4,5,0
PF11_0250,0,5,1
PF11_0251,3,3,1
PF11_0254,0,3,0
PF11_0255,2,4,1
PF11_0256,3,5,1
PF11_0257,3,2,1
PF11_0258,5,5,2
PF11_0259,1,3,0
PF11_0260,2,5,1
PF11_0261,1,4,2
PF11_0262,4,3,2
PF11_0263,0,2,0
PF11_0264,2,3,2
PF11_0265,4,5,1
PF11_0266,2,5,1
PF11_0269,0,2,1
PF11_0270,4,3,2
PF11_0271,2,2,1
PF11_0272,2,5,2
PF11_0274,1,2,0
PF11_0276,2,1,1
PF11_0279,5,3,1
PF11_0280,2,4,0
PF11_0281,2,3,1
PF11_0282,3,0,1
PF11_0283,0,1,0
PF11_0284,2,1,1
PF11_0285,0,3,1
PF11_0286,4,6,1
PF11_0287,1,3,1
PF11_0288,0,3,0
PF11_0289,2,1,0
PF11_0290,0,5,1
PF11_0292,2,3,1
PF11_0293,4,5,2
PF11_0294,3,3,1
PF11_0295,3,0,1
PF11_0296,0,3,1
PF11_0297,4,3,0
PF11_0298,3,7,1
PF11_0301,2,2,1
PF11_0302,6,9,1
PF11_0303,1,3,1
PF11_0304,0,3,0
PF11_0305,3,5,2
PF11_0306,4,3,1
PF11_0307,7,3,1
PF11_0308,0,3,1
PF11_0309,0,3,0
PF11_0310,0,1,0
PF11_0311,1,0,2
PF11_0312,2,5,1
PF11_0313,3,5,1
PF11_0314,3,3,2
PF11_0315,0,0,1
PF11_0316,2,2,1
PF11_0317,3,6,2
PF11_0318,2,0,0
PF11_0319,0,1,0
PF11_0320,0,0,1
PF11_0321,0,1,0
PF11_0322,0,2,0
PF11_0323,0,3,0
PF11_0324,0,4,0
PF11_0325,0,2,2
PF11_0326,2,3,1
PF11_0328,0,4,1
PF11_0330,0,3,1
PF11_0331,2,3,1
PF11_0332,0,3,2
PF11_0333,1,5,0
PF11_0334,2,2,1
PF11_0337,2,6,3
PF11_0338,4,3,1
PF11_0339,0,3,0
PF11_0340,2,5,2
PF11_0341,0,4,0
PF11_0342,0,5,2
PF11_0343,0,5,0
PF11_0344,2,5,1
PF11_0346,0,2,0
PF11_0348,2,0,1
PF11_0349,0,3,0
PF11_0351,3,3,1
PF11_0352,5,5,2
PF11_0353,0,2,0
PF11_0354,0,5,2
PF11_0355,0,1,0
PF11_0356,4,4,2
PF11_0357,0,0,1
PF11_0358,2,6,2
PF11_0359,2,7,0
PF11_0361-a,0,2,0
PF11_0362,2,3,1
PF11_0363,0,2,0
PF11_0368,3,4,0
PF11_0370,2,4,1
PF11_0371,0,5,2
PF11_0372,0,3,1
PF11_0373,0,4,0
PF11_0374,6,3,3
PF11_0375,0,3,1
PF11_0377-a,2,5,2
PF11_0378,0,2,2
PF11_0380,0,1,0
PF11_0381,1,5,1
PF11_0382,2,5,1
PF11_0383,0,3,0
PF11_0384,0,2,0
PF11_0386,2,5,1
PF11_0388,0,1,0
PF11_0389,0,0,1
PF11_0390,0,2,0
PF11_0392,0,5,2
PF11_0393,2,2,0
PF11_0394,1,4,0
PF11_0395,8,4,3
PF11_0396,2,3,2
PF11_0397,0,1,0
PF11_0398,0,5,2
PF11_0400,0,4,0
PF11_0402,5,3,1
PF11_0404,4,0,1
PF11_0405-a,0,0,1
PF11_0406,0,2,0
PF11_0407,2,3,1
PF11_0411,3,3,2
PF11_0412,4,7,2
PF11_0414,4,3,2
PF11_0416,3,5,2
PF11_0418,0,2,0
PF11_0419,0,1,0
PF11_0420,0,1,0
PF11_0421,0,2,0
PF11_0422,0,2,1
PF11_0423,0,3,1
PF11_0424,0,5,2
PF11_0425,0,2,1
PF11_0426,4,5,3
PF11_0427,3,3,1
PF11_0429,5,3,1
PF11_0431,0,4,1
PF11_0432,0,3,0
PF11_0433,2,2,0
PF11_0435,1,5,1
PF11_0436,3,2,1
PF11_0437,2,5,1
PF11_0438,2,5,1
PF11_0439,0,2,0
PF11_0442,4,0,1
PF11_0443,0,1,0
PF11_0445,2,6,2
PF11_0447,2,3,1
PF11_0448,2,3,1
PF11_0451,0,3,1
PF11_0452,0,1,1
PF11_0453,0,0,1
PF11_0454,2,5,1
PF11_0455,0,2,0
PF11_0455a,2,5,1
PF11_0457,0,0,1
PF11_0458,2,6,0
PF11_0459,0,5,0
PF11_0460,7,2,2
PF11_0461,7,4,2
PF11_0462,7,5,3
PF11_0463,2,7,1
PF11_0464,2,4,2
PF11_0465,3,9,2
PF11_0466,3,5,3
PF11_0467,0,2,0
PF11_0468,0,0,1
PF11_0469,4,6,2
PF11_0470,0,4,0
PF11_0471,2,5,0
PF11_0472,0,1,0
PF11_0474,0,4,1
PF11_0477,4,3,1
PF11_0478,2,5,2
PF11_0479,0,2,1
PF11_0479a,1,1,0
PF11_0480,4,3,2
PF11_0481,2,0,0
PF11_0482,0,2,0
PF11_0483,5,3,1
PF11_0483a,3,5,2
PF11_0484,0,1,0
PF11_0485,4,6,2
PF11_0487,0,4,1
PF11_0488,2,0,2
PF11_0505,0,2,0
PF11_0506,3,4,2
PF11_0509,0,0,1
PF11_0510,2,0,2
PF11_0512,0,1,0
PF11_0514,0,2,2
PF11_0515,2,3,0
PF11_0516,6,3,0
PF11_0517,7,5,0
PF11_0519,7,5,0
PF11_0520,7,5,0
PF11_0521,7,4,2
PF11_0524,2,5,1
PF11_0526,0,2,0
PF11_0527,0,0,1
PF11_0529,7,5,0
PF11_0530,0,2,0
PF11_0540,0,5,1
PF11_0560,2,4,1
PF13_0003,7,4,2
PF13_0004,7,5,0
PF13_0005,7,5,0
PF13_0006,2,3,0
PF13_0011,0,0,1
PF13_0012,0,6,0
PF13_0014,2,5,1
PF13_0016,1,0,2
PF13_0017,3,3,1
PF13_0018,0,0,1
PF13_0019,4,2,1
PF13_0021,1,0,0
PF13_0022,5,3,1
PF13_0023,2,6,2
PF13_0024,3,3,0
PF13_0025,0,3,0
PF13_0027,3,0,0
PF13_0028,1,0,1
PF13_0030,0,2,0
PF13_0031,0,2,2
PF13_0032,0,3,1
PF13_0033,2,3,2
PF13_0034,4,7,2
PF13_0037,0,3,2
PF13_0039,0,3,0
PF13_0040,2,3,2
PF13_0041,1,4,0
PF13_0042,0,3,0
PF13_0043,4,0,2
PF13_0044,3,0,2
PF13_0045,2,5,1
PF13_0047,0,2,0
PF13_0048,2,0,2
PF13_0049,2,5,1
PF13_0051,3,6,0
PF13_0052,3,0,1
PF13_0053,1,5,1
PF13_0054,0,0,1
PF13_0055,0,3,1
PF13_0056,0,1,0
PF13_0058,0,0,1
PF13_0059,2,4,1
PF13_0060,0,2,1
PF13_0061,4,7,2
PF13_0062,1,7,1
PF13_0063,2,3,2
PF13_0064,0,1,0
PF13_0065,5,7,3
PF13_0066,3,3,1
PF13_0067,0,2,0
PF13_0069,2,3,2
PF13_0070,1,6,1
PF13_0071,3,4,1
PF13_0072,0,3,0
PF13_0073,0,5,0
PF13_0076,0,1,0
PF13_0077,0,3,2
PF13_0078,2,2,1
PF13_0079,0,2,0
PF13_0080,5,5,2
PF13_0081,0,2,1
PF13_0082,1,2,0
PF13_0083,3,3,1
PF13_0084,2,0,0
PF13_0085,4,8,2
PF13_0086,0,1,0
PF13_0087,2,3,1
PF13_0088,4,3,1
PF13_0089,0,0,1
PF13_0090,7,3,2
PF13_0093,0,0,1
PF13_0095,3,1,2
PF13_0096,2,0,2
PF13_0097,4,0,1
PF13_0098,0,2,0
PF13_0099,0,5,1
PF13_0100,3,3,1
PF13_0101,0,1,1
PF13_0102,5,7,2
PF13_0103,0,0,1
PF13_0104,0,3,1
PF13_0106,0,2,0
PF13_0107,2,4,1
PF13_0109,2,3,2
PF13_0114,0,4,0
PF13_0116,0,3,0
PF13_0118,5,4,1
PF13_0119,7,4,2
PF13_0120,0,5,2
PF13_0121,3,4,1
PF13_0122,2,0,2
PF13_0123,1,4,0
PF13_0124,1,2,0
PF13_0125,0,3,0
PF13_0128,3,3,1
PF13_0129,2,5,2
PF13_0130,4,7,2
PF13_0131,0,0,1
PF13_0132,2,5,2
PF13_0133,1,5,1
PF13_0134,0,4,2
PF13_0136,1,3,0
PF13_0137,3,0,1
PF13_0139,2,3,1
PF13_0140,3,0,2
PF13_0141,3,0,2
PF13_0142,2,5,0
PF13_0143,3,0,2
PF13_0144,3,0,1
PF13_0147,0,3,1
PF13_0148,0,5,0
PF13_0149,2,0,1
PF13_0150,2,6,2
PF13_0151,0,2,0
PF13_0152,7,6,1
PF13_0153,0,2,1
PF13_0154,0,1,0
PF13_0155,0,2,1
PF13_0156,2,3,1
PF13_0157,3,3,2
PF13_0159,1,2,1
PF13_0160,0,2,0
PF13_0161,0,5,2
PF13_0162,0,3,0
PF13_0163,0,2,1
PF13_0164,0,3,0
PF13_0165,0,3,1
PF13_0166,2,0,2
PF13_0168,0,3,0
PF13_0169,0,3,1
PF13_0170,3,2,2
PF13_0171,2,4,1
PF13_0172,4,4,1
PF13_0173,2,2,2
PF13_0174,2,2,0
PF13_0175,0,2,1
PF13_0176,4,0,1
PF13_0177,0,0,2
PF13_0178,2,0,1
PF13_0179,3,2,2
PF13_0180,2,3,1
PF13_0182,6,3,1
PF13_0184,0,6,0
PF13_0185,3,6,1
PF13_0186,0,3,0
PF13_0187,1,4,2
PF13_0188,0,2,2
PF13_0189,2,3,2
PF13_0190,2,3,3
PF13_0191,0,2,0
PF13_0192,0,2,0
PF13_0194,0,5,0
PF13_0197,2,1,1
PF13_0198,2,1,1
PF13_0199,0,2,0
PF13_0200,0,2,1
PF13_0201,4,4,1
PF13_0202,0,2,0
PF13_0203,1,4,2
PF13_0205,3,2,2
PF13_0208,0,0,1
PF13_0209,8,4,3
PF13_0210,1,3,2
PF13_0211,5,0,2
PF13_0212,3,2,2
PF13_0213,2,5,1
PF13_0214,2,3,2
PF13_0215,0,3,0
PF13_0218,3,5,3
PF13_0219,0,1,0
PF13_0222,2,0,1
PF13_0223,2,5,0
PF13_0224,2,5,1
PF13_0225,0,2,0
PF13_0226,0,2,0
PF13_0227,3,7,2
PF13_0228,2,5,1
PF13_0229,5,3,2
PF13_0232,0,4,3
PF13_0233,0,6,2
PF13_0234,2,0,2
PF13_0235,4,0,1
PF13_0236,1,0,2
PF13_0237,3,4,1
PF13_0238,3,0,1
PF13_0239,0,2,0
PF13_0241,0,6,1
PF13_0242,3,3,2
PF13_0243,0,3,0
PF13_0246,0,0,1
PF13_0247,0,4,0
PF13_0248,5,4,0
PF13_0250,4,0,1
PF13_0251,3,0,1
PF13_0252,2,4,1
PF13_0253,3,2,1
PF13_0254,0,1,0
PF13_0255,0,2,0
PF13_0257,3,2,2
PF13_0258,2,3,2
PF13_0259,0,0,2
PF13_0260,1,2,0
PF13_0261,0,0,1
PF13_0262,3,2,2
PF13_0264,0,0,1
PF13_0265,0,2,0
PF13_0267,0,1,0
PF13_0268,2,5,1
PF13_0269,3,0,2
PF13_0271,3,5,3
PF13_0272,4,0,1
PF13_0273,0,2,2
PF13_0275,0,3,0
PF13_0276,0,2,0
PF13_0277,0,5,2
PF13_0278,0,0,1
PF13_0279,6,5,0
PF13_0280,4,5,2
PF13_0281,1,1,0
PF13_0282,2,3,1
PF13_0283,0,1,0
PF13_0285,0,0,1
PF13_0286,3,0,1
PF13_0287,3,0,2
PF13_0288,2,2,2
PF13_0289,3,0,1
PF13_0290,0,5,0
PF13_0291,2,4,2
PF13_0293,0,5,0
PF13_0295,0,2,0
PF13_0298,0,0,2
PF13_0299,0,1,0
PF13_0300,4,7,1
PF13_0301,2,0,1
PF13_0302,6,3,1
PF13_0304,2,2,2
PF13_0305,2,3,2
PF13_0306,2,5,1
PF13_0307,0,1,0
PF13_0308,0,0,2
PF13_0309,3,6,0
PF13_0310,0,3,0
PF13_0312,1,5,1
PF13_0313,0,0,1
PF13_0314,0,3,1
PF13_0315,0,3,1
PF13_0316,2,5,1
PF13_0317,0,0,1
PF13_0318,0,0,1
PF13_0319,0,2,1
PF13_0321,2,0,2
PF13_0322,2,3,2
PF13_0323,2,0,2
PF13_0324,3,7,2
PF13_0326,5,3,1
PF13_0327,0,1,4
PF13_0328,4,3,2
PF13_0330,0,3,2
PF13_0331,0,6,0
PF13_0333,0,2,1
PF13_0334,2,0,2
PF13_0336,4,3,2
PF13_0338,0,4,1
PF13_0339,0,4,0
PF13_0340,2,3,1
PF13_0341,2,6,2
PF13_0342,0,2,0
PF13_0343,0,2,0
PF13_0344,6,4,1
PF13_0345,3,3,1
PF13_0346,2,5,2
PF13_0347,0,2,0
PF13_0348,0,2,0
PF13_0349,3,0,2
PF13_0350,4,7,2
PF13_0351,0,0,1
PF13_0352,0,1,0
PF13_0353,2,0,2
PF13_0354,3,3,2
PF13_0355,0,5,0
PF13_0358,4,5,1
PF13_0359,3,5,0
PF13_0360,0,2,0
PF13_0361,0,3,1
PF13_0362,2,5,0
PF14_0002,7,5,0
PF14_0003,2,3,0
PF14_0004,7,5,0
PF14_0005,2,3,0
PF14_0006,7,5,0
PF14_0007,6,3,0
PF14_0008,2,3,0
PF14_0009,4,5,3
PF14_0010,0,1,0
PF14_0014,0,4,0
PF14_0015,0,4,1
PF14_0016,0,6,0
PF14_0017,0,0,1
PF14_0018,0,4,0
PF14_0020,3,2,2
PF14_0021,3,3,2
PF14_0022,3,3,2
PF14_0023,2,1,2
PF14_0024,3,3,2
PF14_0025,2,3,1
PF14_0026,0,3,1
PF14_0027,2,4,1
PF14_0028,2,0,1
PF14_0029,0,4,0
PF14_0029a,0,1,0
PF14_0030,0,5,1
PF14_0031,0,2,0
PF14_0031a,3,0,0
PF14_0031b,0,2,0
PF14_0033,4,3,2
PF14_0034,3,6,0
PF14_0035,2,3,2
PF14_0036,0,0,1
PF14_0037,2,0,2
PF14_0038,2,6,2
PF14_0040,0,4,0
PF14_0041,2,5,2
PF14_0042,2,2,0
PF14_0045,0,2,0
PF14_0046,2,4,3
PF14_0048,0,3,0
PF14_0049,2,3,0
PF14_0050,2,0,1
PF14_0051,7,3,2
PF14_0052,0,0,1
PF14_0053,3,0,1
PF14_0054,0,2,1
PF14_0055,3,0,0
PF14_0056,0,0,1
PF14_0057,2,3,1
PF14_0059,4,3,2
PF14_0060,2,7,1
PF14_0061,0,3,0
PF14_0062,0,5,2
PF14_0063,0,3,2
PF14_0064,2,5,0
PF14_0065,0,4,0
PF14_0066,3,3,2
PF14_0067,0,8,1
PF14_0068,3,6,2
PF14_0069,0,2,1
PF14_0071,0,3,1
PF14_0072,3,0,0
PF14_0073,0,2,1
PF14_0075,2,4,1
PF14_0076,2,4,1
PF14_0077,2,4,1
PF14_0078,1,4,1
PF14_0079,4,3,1
PF14_0080,0,2,0
PF14_0081,2,0,2
PF14_0082,0,5,2
PF14_0083,2,5,1
PF14_0084,0,3,0
PF14_0085,0,5,1
PF14_0086,3,0,2
PF14_0088,0,3,1
PF14_0090,1,0,1
PF14_0092,0,2,0
PF14_0093,0,2,1
PF14_0094,2,4,2
PF14_0096,0,4,1
PF14_0097,3,1,1
PF14_0099,0,1,0
PF14_0100,3,0,1
PF14_0101,1,1,2
PF14_0102,0,2,1
PF14_0103,0,2,0
PF14_0104,2,3,2
PF14_0105,0,3,0
PF14_0107,1,2,0
PF14_0110,1,2,1
PF14_0111,3,2,1
PF14_0112,2,3,2
PF14_0113,2,5,0
PF14_0114,0,3,2
PF14_0115,2,2,1
PF14_0116,0,4,2
PF14_0117,2,1,2
PF14_0119,2,0,2
PF14_0122,2,2,0
PF14_0123,3,1,2
PF14_0124,2,5,2
PF14_0125,3,0,1
PF14_0126,0,0,1
PF14_0127,3,0,1
PF14_0129,0,2,0
PF14_0131,0,2,1
PF14_0132,2,5,1
PF14_0133,1,4,2
PF14_0134,0,0,1
PF14_0136,3,0,0
PF14_0137,0,1,0
PF14_0138,2,4,0
PF14_0139,0,3,1
PF14_0140,0,2,1
PF14_0141,2,5,1
PF14_0142,2,5,2
PF14_0144,2,0,1
PF14_0145,2,0,1
PF14_0146,2,5,0
PF14_0147,1,3,2
PF14_0148,4,0,1
PF14_0150,2,0,2
PF14_0151,0,0,1
PF14_0152,0,3,0
PF14_0153,0,2,0
PF14_0154,0,1,1
PF14_0155,1,4,2
PF14_0156,3,4,1
PF14_0157,0,3,1
PF14_0158,0,1,0
PF14_0159,0,1,2
PF14_0160,1,0,1
PF14_0161,0,0,2
PF14_0162,0,5,2
PF14_0164,3,2,1
PF14_0165,2,3,2
PF14_0166,3,3,2
PF14_0167,2,1,1
PF14_0168,0,2,0
PF14_0169,0,2,1
PF14_0170,0,3,0
PF14_0171,2,2,1
PF14_0173,6,0,1
PF14_0174,2,0,2
PF14_0176,0,5,0
PF14_0177,5,4,2
PF14_0178,6,4,1
PF14_0179,0,6,0
PF14_0181,0,0,1
PF14_0183b,0,0,2
PF14_0184,0,2,0
PF14_0185,2,3,2
PF14_0186,4,4,3
PF14_0187,0,0,1
PF14_0188,0,6,0
PF14_0189,0,2,1
PF14_0190,0,2,2
PF14_0191,0,3,0
PF14_0193,2,3,1
PF14_0194,2,5,1
PF14_0197,0,0,1
PF14_0198,3,3,2
PF14_0199,0,2,0
PF14_0200,3,0,2
PF14_0201,0,11,0
PF14_0205,2,5,1
PF14_0206,1,4,1
PF14_0207,2,6,2
PF14_0209,0,2,0
PF14_0210,0,2,2
PF14_0211,3,2,1
PF14_0212,0,4,0
PF14_0214,7,7,3
PF14_0215,6,6,2
PF14_0216,2,3,1
PF14_0217,0,4,0
PF14_0218,8,6,1
PF14_0220,0,0,1
PF14_0221,3,6,2
PF14_0223,2,0,1
PF14_0224,2,3,2
PF14_0225,0,4,0
PF14_0227,2,0,2
PF14_0228,0,2,1
PF14_0229,0,2,0
PF14_0230,2,5,2
PF14_0231,2,5,1
PF14_0232,3,6,2
PF14_0233,0,2,0
PF14_0234,0,0,2
PF14_0236,0,3,1
PF14_0237,1,2,0
PF14_0238,0,4,1
PF14_0239,4,0,2
PF14_0240,2,5,1
PF14_0241,0,3,0
PF14_0242,4,3,1
PF14_0243a,2,3,1
PF14_0244,2,3,3
PF14_0245,0,1,0
PF14_0246,3,0,1
PF14_0247,0,1,0
PF14_0248,3,7,2
PF14_0249,0,4,1
PF14_0250,2,3,1
PF14_0251,4,3,2
PF14_0252,0,5,1
PF14_0254,4,0,1
PF14_0255,2,6,1
PF14_0256,3,3,1
PF14_0258,0,2,0
PF14_0259,2,3,0
PF14_0260,3,2,0
PF14_0261,5,0,1
PF14_0262,0,3,0
PF14_0264,4,3,2
PF14_0265,4,3,1
PF14_0266,4,6,3
PF14_0268,0,5,0
PF14_0270,2,5,1
PF14_0271,4,0,1
PF14_0273,2,0,2
PF14_0274,3,0,0
PF14_0275,0,1,0
PF14_0276,2,6,1
PF14_0277,2,7,1
PF14_0278,4,3,2
PF14_0279,0,3,0
PF14_0280,0,3,2
PF14_0281,1,0,1
PF14_0282,0,2,1
PF14_0283,2,2,0
PF14_0284,0,3,1
PF14_0285,4,0,1
PF14_0286,3,3,1
PF14_0287,0,3,1
PF14_0288,0,7,4
PF14_0289,2,5,1
PF14_0290,0,2,0
PF14_0291,0,2,0
PF14_0292,0,0,1
PF14_0293,0,1,0
PF14_0294,2,3,3
PF14_0295,3,5,1
PF14_0296,2,5,1
PF14_0297,0,1,1
PF14_0298,1,4,0
PF14_0300,6,5,1
PF14_0301,3,5,0
PF14_0303,0,2,0
PF14_0304,4,4,2
PF14_0308,0,0,1
PF14_0309,2,0,1
PF14_0310,0,1,1
PF14_0311,0,0,1
PF14_0312,0,2,0
PF14_0313,2,4,1
PF14_0314,2,1,1
PF14_0315,0,3,1
PF14_0316,3,3,2
PF14_0317,2,7,1
PF14_0318,2,3,0
PF14_0320,2,0,2
PF14_0321,1,1,3
PF14_0322,3,0,1
PF14_0323,0,0,1
PF14_0324,0,2,1
PF14_0325,0,1,0
PF14_0326,2,4,2
PF14_0327,4,0,1
PF14_0328,4,7,1
PF14_0329,0,5,0
PF14_0331,4,6,1
PF14_0332,0,3,0
PF14_0334,3,0,2
PF14_0335,0,2,0
PF14_0336,1,7,1
PF14_0337,0,5,2
PF14_0339,2,3,1
PF14_0341,3,0,1
PF14_0342,0,4,1
PF14_0344,2,9,1
PF14_0345a,0,0,1
PF14_0345b,0,2,1
PF14_0346,4,5,2
PF14_0348,1,3,1
PF14_0349,0,0,2
PF14_0350,0,1,1
PF14_0351,0,4,1
PF14_0352,3,3,2
PF14_0353,0,2,1
PF14_0354,3,0,2
PF14_0355,0,4,0
PF14_0357,3,0,2
PF14_0358,0,2,0
PF14_0359,2,0,1
PF14_0360,0,0,1
PF14_0361,7,7,1
PF14_0363,0,1,0
PF14_0364,2,6,0
PF14_0366,2,6,1
PF14_0367,0,4,1
PF14_0368,4,2,3
PF14_0369,3,6,1
PF14_0370,0,0,2
PF14_0372,0,2,0
PF14_0373,2,7,3
PF14_0374,4,5,2
PF14_0375,0,4,0
PF14_0376,1,1,1
PF14_0377,3,6,0
PF14_0378,3,0,1
PF14_0379,0,5,2
PF14_0381,3,3,2
PF14_0382,2,3,2
PF14_0383,0,3,1
PF14_0384,2,0,1
PF14_0385,0,5,2
PF14_0386,1,0,0
PF14_0387,3,2,0
PF14_0389,2,0,0
PF14_0390,0,4,0
PF14_0391,2,5,2
PF14_0392,2,0,2
PF14_0393,0,3,1
PF14_0394,0,1,1
PF14_0396,0,5,2
PF14_0397,2,0,0
PF14_0398,6,5,0
PF14_0399,8,2,2
PF14_0400,3,0,1
PF14_0401,3,0,2
PF14_0402,0,2,0
PF14_0403,2,0,1
PF14_0404,0,4,0
PF14_0405,0,1,0
PF14_0406,2,2,1
PF14_0407,6,1,1
PF14_0408,2,3,2
PF14_0409,0,3,0
PF14_0410,0,2,0
PF14_0411,2,3,0
PF14_0412,0,2,1
PF14_0413,0,3,2
PF14_0414,3,5,0
PF14_0415,3,4,2
PF14_0416,2,5,1
PF14_0417,3,3,2
PF14_0419,0,5,2
PF14_0420,0,0,1
PF14_0421,1,3,1
PF14_0422,0,3,1
PF14_0423,5,0,2
PF14_0424,0,1,0
PF14_0425,4,2,2
PF14_0426,0,2,2
PF14_0427,2,5,2
PF14_0428,3,2,1
PF14_0429,1,0,2
PF14_0431,6,3,2
PF14_0432,5,4,1
PF14_0433,0,3,1
PF14_0434,0,2,0
PF14_0435,0,5,0
PF14_0437,0,0,2
PF14_0438,0,2,0
PF14_0439,1,2,2
PF14_0440,0,4,0
PF14_0441,3,5,1
PF14_0442,0,1,0
PF14_0443,3,4,1
PF14_0444,0,1,0
PF14_0446,3,5,2
PF14_0447,0,4,0
PF14_0448,2,5,2
PF14_0449,0,0,1
PF14_0450,0,0,1
PF14_0451,2,6,1
PF14_0452,0,2,0
PF14_0453,0,0,1
PF14_0454,0,2,0
PF14_0455,4,5,3
PF14_0456,0,6,0
PF14_0458,0,4,0
PF14_0461,0,1,0
PF14_0462,6,3,1
PF14_0463,0,3,0
PF14_0464,6,5,1
PF14_0467,2,3,0
PF14_0468,3,5,1
PF14_0469,4,5,1
PF14_0470,0,3,2
PF14_0471,4,0,1
PF14_0473,2,6,2
PF14_0474,0,2,1
PF14_0475,0,1,0
PF14_0476,2,0,2
PF14_0477,4,7,2
PF14_0478,2,0,2
PF14_0479,4,3,1
PF14_0480,0,4,0
PF14_0481,2,2,2
PF14_0482,0,3,0
PF14_0483,3,1,2
PF14_0484,3,0,1
PF14_0485,7,3,1
PF14_0486,3,0,2
PF14_0488,4,5,1
PF14_0489,4,0,2
PF14_0491,0,3,0
PF14_0492,4,3,2
PF14_0493,1,5,1
PF14_0494,1,3,0
PF14_0495,0,3,1
PF14_0498,6,5,1
PF14_0499,0,3,0
PF14_0500,6,5,1
PF14_0501,1,2,0
PF14_0502,3,5,1
PF14_0503,0,3,0
PF14_0504,0,3,1
PF14_0505,0,5,0
PF14_0506,0,2,0
PF14_0507,3,5,0
PF14_0508,2,5,2
PF14_0510,2,0,1
PF14_0511,3,2,2
PF14_0513,0,0,1
PF14_0514,2,5,1
PF14_0516,2,0,2
PF14_0517,2,3,2
PF14_0518,5,3,1
PF14_0519,2,5,1
PF14_0520,3,0,2
PF14_0522,0,1,0
PF14_0523,2,3,1
PF14_0524,2,3,1
PF14_0527,4,3,2
PF14_0528,4,5,0
PF14_0529,1,7,1
PF14_0530,0,1,0
PF14_0531,0,2,0
PF14_0532,0,7,0
PF14_0533,4,3,1
PF14_0534,0,3,1
PF14_0536,0,1,0
PF14_0537,3,2,2
PF14_0538,2,3,0
PF14_0539,2,4,1
PF14_0540,2,4,1
PF14_0541,3,4,2
PF14_0543,2,5,2
PF14_0544,0,1,0
PF14_0545,5,2,1
PF14_0546,4,3,1
PF14_0547,0,1,0
PF14_0548,1,2,2
PF14_0550,4,3,0
PF14_0551,0,2,0
PF14_0552,0,2,0
PF14_0553,4,1,1
PF14_0554,0,4,0
PF14_0556,0,0,1
PF14_0557,1,0,1
PF14_0558,0,5,2
PF14_0559,4,3,1
PF14_0560,6,3,1
PF14_0561,2,3,1
PF14_0562,0,2,0
PF14_0563,0,0,2
PF14_0564,0,4,2
PF14_0566,0,3,0
PF14_0567,2,6,0
PF14_0568,0,1,0
PF14_0570,0,0,1
PF14_0571,0,4,0
PF14_0572,0,2,1
PF14_0573,3,2,1
PF14_0574,0,3,1
PF14_0575,0,1,0
PF14_0575a,2,4,1
PF14_0576,2,3,2
PF14_0577,0,4,1
PF14_0578,0,2,0
PF14_0579,2,5,1
PF14_0580,4,3,1
PF14_0582,0,4,0
PF14_0583,0,1,1
PF14_0584,3,6,1
PF14_0585,2,5,1
PF14_0587,2,5,0
PF14_0588,0,1,0
PF14_0589,3,0,2
PF14_0590,4,2,0
PF14_0591,0,2,0
PF14_0593,0,2,2
PF14_0594,0,3,0
PF14_0596,0,1,0
PF14_0597,2,7,2
PF14_0598,3,3,2
PF14_0599,1,3,2
PF14_0601,2,5,1
PF14_0602,2,6,2
PF14_0603,2,6,2
PF14_0605,6,6,3
PF14_0606,2,4,2
PF14_0607,0,2,1
PF14_0608,5,3,0
PF14_0609,0,3,0
PF14_0610,0,0,1
PF14_0612,4,4,1
PF14_0613,0,6,2
PF14_0614,2,0,1
PF14_0615,5,7,3
PF14_0616,1,1,2
PF14_0617,0,1,1
PF14_0620,0,0,1
PF14_0622,2,3,1
PF14_0624,0,2,0
PF14_0625,1,0,1
PF14_0626,2,5,1
PF14_0627,2,5,2
PF14_0630,7,4,1
PF14_0631,0,1,1
PF14_0632,4,3,2
PF14_0633,4,3,2
PF14_0635,2,4,1
PF14_0637,0,1,0
PF14_0638,0,3,2
PF14_0639,4,0,2
PF14_0640,0,3,0
PF14_0641,3,3,2
PF14_0642,2,5,1
PF14_0643,0,3,1
PF14_0644,2,4,1
PF14_0645,0,3,3
PF14_0647,0,2,0
PF14_0648,0,5,2
PF14_0649,0,3,0
PF14_0650,0,5,2
PF14_0652,0,2,1
PF14_0653,6,5,1
PF14_0654,2,2,3
PF14_0655,4,3,2
PF14_0656,2,3,1
PF14_0657,0,0,1
PF14_0658,2,3,1
PF14_0659,2,6,0
PF14_0660,0,3,1
PF14_0661,0,0,1
PF14_0662,0,1,1
PF14_0664,3,4,2
PF14_0665,4,6,1
PF14_0667,0,5,2
PF14_0667a,5,2,0
PF14_0668,0,1,0
PF14_0669,0,3,0
PF14_0671,2,5,0
PF14_0672,7,1,2
PF14_0676,2,3,1
PF14_0677,3,3,1
PF14_0678,0,7,1
PF14_0679,3,4,1
PF14_0680,0,3,0
PF14_0681,6,0,1
PF14_0682,0,2,0
PF14_0683,4,3,1
PF14_0684,0,0,1
PF14_0686,0,4,0
PF14_0688,3,5,0
PF14_0689,1,1,0
PF14_0690,5,7,1
PF14_0691,0,5,0
PF14_0692,1,4,2
PF14_0694,5,3,1
PF14_0695,2,3,2
PF14_0696,0,4,1
PF14_0697,3,0,1
PF14_0698,0,1,0
PF14_0701,0,3,1
PF14_0703,0,0,1
PF14_0704,1,3,0
PF14_0706,2,8,2
PF14_0707,0,3,1
PF14_0708,0,3,0
PF14_0709,2,5,2
PF14_0710,0,1,0
PF14_0712,0,3,0
PF14_0713,2,5,1
PF14_0714,0,5,0
PF14_0715,2,3,2
PF14_0716,2,3,1
PF14_0717,2,4,0
PF14_0718,4,6,1
PF14_0720,0,3,2
PF14_0721,2,4,1
PF14_0722,7,4,0
PF14_0723,0,7,1
PF14_0725,3,5,3
PF14_0726,0,1,0
PF14_0728,0,4,0
PF14_0729,0,6,0
PF14_0730,0,2,0
PF14_0732,0,3,1
PF14_0733,0,1,0
PF14_0734,0,1,0
PF14_0735,3,1,1
PF14_0736,0,4,0
PF14_0737,0,0,1
PF14_0738,0,0,1
PF14_0740,0,1,0
PF14_0741,0,1,0
PF14_0742,0,4,0
PF14_0743,0,3,1
PF14_0744,0,5,0
PF14_0745,0,1,0
PF14_0746,0,1,0
PF14_0747,0,1,0
PF14_0748,0,5,0
PF14_0749,3,0,1
PF14_0751,3,3,1
PF14_0752,0,1,0
PF14_0753,0,3,0
PF14_0754,0,1,1
PF14_0755,0,1,0
PF14_0756,0,4,0
PF14_0757,0,4,0
PF14_0758,0,3,0
PF14_0759,0,3,1
PF14_0760,0,1,0
PF14_0761,3,2,1
PF14_0766,2,3,0
PF14_0767,6,3,0
PF14_0768,2,3,0
PF14_0769,7,5,0
PF14_0770,2,3,0
PF14_0771,6,3,0
PF14_0772,7,5,0
PF14_0773,1,2,1
PF14_0774,3,0,1
PF14_0781,0,2,1
PF14_0783,4,3,1
PF14_0784,3,3,1
PF14_0791,2,4,1
PF14_0792,3,3,1
PF14_0805,0,2,0
PF14_0810,0,5,1
PF14_0815,4,3,1
PFA0005w,7,4,2
PFA0010c,7,5,0
PFA0015c,1,2,1
PFA0020w,7,5,0
PFA0030c,2,3,0
PFA0035c,0,2,0
PFA0040w,7,5,0
PFA0045c,7,5,0
PFA0050c,7,5,0
PFA0055c,0,2,0
PFA0060w,0,2,0
PFA0065w,2,4,0
PFA0070c,0,2,0
PFA0080c,7,5,0
PFA0090c,6,3,0
PFA0095c,2,3,0
PFA0100c,0,3,1
PFA0105w,0,3,0
PFA0110w,4,7,1
PFA0115w,0,3,1
PFA0125c,4,5,2
PFA0130c,2,0,2
PFA0135w,0,2,0
PFA0140c,0,2,0
PFA0145c,3,2,2
PFA0150c,0,2,0
PFA0155c,2,3,0
PFA0160c,3,0,1
PFA0165c,0,2,1
PFA0175w,2,3,1
PFA0180w,0,0,1
PFA0185w,0,0,2
PFA0190c,0,5,1
PFA0195w,0,6,2
PFA0200w,0,3,0
PFA0205w,1,2,0
PFA0210c,2,7,1
PFA0220w,2,3,1
PFA0225w,3,3,2
PFA0255c,0,0,1
PFA0260c,2,0,1
PFA0275c,3,2,1
PFA0285c,2,0,2
PFA0290w,2,0,2
PFA0295c,0,2,0
PFA0300c,4,7,2
PFA0305c,0,2,0
PFA0310c,3,2,3
PFA0315w,3,0,0
PFA0320w,0,0,1
PFA0325w,2,2,2
PFA0330w,1,4,0
PFA0335w,7,3,2
PFA0340w,4,3,1
PFA0345w,3,4,1
PFA0370w,2,2,2
PFA0375c,0,2,1
PFA0380w,2,0,2
PFA0385w,0,3,0
PFA0390w,4,3,2
PFA0400c,2,3,1
PFA0410w,0,4,0
PFA0420w,0,2,0
PFA0425c,3,2,1
PFA0430c,0,4,0
PFA0435w,1,6,1
PFA0440w,0,2,0
PFA0445w,0,5,0
PFA0450c,2,6,1
PFA0455c,0,4,0
PFA0460c,3,0,1
PFA0465c,2,0,1
PFA0470c,7,0,1
PFA0480w,3,3,2
PFA0495c,2,0,2
PFA0500w,2,3,1
PFA0505c,2,6,2
PFA0515w,3,0,2
PFA0520c,2,0,1
PFA0525w,4,3,1
PFA0530c,0,2,0
PFA0535c,2,5,2
PFA0540c,1,0,2
PFA0545c,2,5,1
PFA0550w,1,4,1
PFA0555c,3,3,2
PFA0565c,3,2,2
PFA0570w,4,2,1
PFA0575c,0,2,0
PFA0580c,2,3,1
PFA0590w,4,5,3
PFA0610c,0,2,0
PFA0615w,0,2,0
PFA0635c,0,1,0
PFA0640c,3,3,2
PFA0660w,3,2,1
PFA0665w,1,2,1
PFA0670c,0,2,0
PFA0675w,0,2,1
PFA0680c,2,8,0
PFA0685c,0,2,0
PFA0700c,0,5,0
PFA0710c,2,3,0
PFA0715c,0,3,1
PFA0720w,1,2,1
PFA0740w,7,5,0
PFA0745w,2,3,0
PFA0750w,6,3,0
PFA0760w,7,5,0
PFA0765c,7,4,2
PFB0010w,4,4,2
PFB0015c,7,5,0
PFB0020c,0,1,0
PFB0025c,6,3,0
PFB0030c,7,5,0
PFB0035c,7,5,0
PFB0040c,7,5,0
PFB0050c,0,3,0
PFB0055c,2,2,0
PFB0060w,7,5,0
PFB0065w,6,3,0
PFB0070w,0,4,0
PFB0075c,0,4,0
PFB0080c,2,2,0
PFB0085c,0,2,0
PFB0090c,2,2,1
PFB0095c,0,8,1
PFB0100c,0,4,1
PFB0105c,0,1,0
PFB0106c,0,5,0
PFB0110w,0,4,0
PFB0115w,0,3,1
PFB0120w,0,6,0
PFB0130w,3,3,1
PFB0140w,2,1,2
PFB0145c,0,2,0
PFB0150c,2,0,2
PFB0160w,4,3,2
PFB0161c,0,2,0
PFB0170w,0,3,0
PFB0175c,1,6,0
PFB0180w,0,3,2
PFB0190c,0,2,0
PFB0194w,0,3,1
PFB0195c,0,2,1
PFB0196c,2,5,0
PFB0200c,3,0,2
PFB0205c,5,3,2
PFB0210c,4,4,1
PFB0215c,2,3,2
PFB0220w,3,3,1
PFB0225c,0,2,1
PFB0240w,0,3,0
PFB0245c,2,0,2
PFB0250w,0,3,1
PFB0260w,4,3,1
PFB0265c,4,5,2
PFB0270w,0,3,1
PFB0275w,3,4,1
PFB0279w,3,2,1
PFB0280w,3,2,1
PFB0285c,0,1,0
PFB0290c,2,6,3
PFB0295w,3,0,1
PFB0300c,1,4,0
PFB0305c-a,0,4,0
PFB0305c-b,0,4,0
PFB0310c,0,4,0
PFB0320c,3,3,2
PFB0325c,1,3,1
PFB0330c,5,0,1
PFB0335c,5,5,1
PFB0340c,5,5,1
PFB0345c,5,5,1
PFB0350c,5,0,1
PFB0355c,5,0,1
PFB0360c,5,0,1
PFB0370c,3,3,1
PFB0375w,4,2,1
PFB0380c,0,2,0
PFB0385w,3,3,1
PFB0390w,3,3,0
PFB0391c-a,2,0,1
PFB0391c-b,2,0,1
PFB0395w,0,4,0
PFB0400w,0,2,0
PFB0405w,1,3,1
PFB0410c,2,0,1
PFB0415c,0,1,0
PFB0420w,3,4,1
PFB0423c,0,3,0
PFB0425c,0,3,0
PFB0435c,2,2,1
PFB0440c,4,3,2
PFB0445c,0,3,2
PFB0450w,3,7,1
PFB0460c,0,1,0
PFB0465c,3,2,1
PFB0467w,2,4,1
PFB0470w,0,2,0
PFB0480w,6,5,1
PFB0485c,0,5,0
PFB0500c,8,4,1
PFB0505c,3,3,2
PFB0510w,0,1,0
PFB0515w,1,1,1
PFB0520w,2,0,2
PFB0525w,3,2,2
PFB0530c,2,0,2
PFB0540w,0,5,0
PFB0545c,2,5,1
PFB0550w,6,2,1
PFB0560w,2,3,2
PFB0570w,2,3,0
PFB0575c,3,3,1
PFB0580w,4,1,1
PFB0585w,1,0,1
PFB0590w,0,1,0
PFB0595w,3,2,1
PFB0600c,0,4,0
PFB0605w,7,2,2
PFB0610c,0,2,0
PFB0615c,0,5,2
PFB0620w,0,3,0
PFB0630c,0,3,0
PFB0635w,2,5,1
PFB0640c,3,9,0
PFB0645c,2,5,1
PFB0665w,2,0,2
PFB0670c,0,1,0
PFB0675w,0,3,0
PFB0680w,2,2,0
PFB0685c,4,3,1
PFB0687c,0,0,1
PFB0690w,0,2,0
PFB0695c,4,3,1
PFB0700c,0,1,0
PFB0710c,3,5,1
PFB0715w,2,6,1
PFB0720c,4,6,2
PFB0725c,2,4,2
PFB0730w,2,5,2
PFB0732c,0,1,0
PFB0735c,0,4,1
PFB0745w,0,1,0
PFB0750w,3,0,0
PFB0755w,2,3,2
PFB0760w,0,1,0
PFB0770c,3,4,3
PFB0790c,0,1,0
PFB0795w,4,6,3
PFB0805c,1,7,1
PFB0810w,4,3,2
PFB0815w,3,3,2
PFB0820c,0,2,1
PFB0826c,0,3,0
PFB0830w,2,5,1
PFB0840w,2,5,1
PFB0845w,1,2,2
PFB0850c,2,3,1
PFB0855c,3,3,2
PFB0860c,0,0,2
PFB0865w,2,5,0
PFB0870w,2,2,1
PFB0875c,2,5,0
PFB0880w,2,0,1
PFB0885w,2,5,1
PFB0888w-a,0,4,0
PFB0888w-b,0,4,0
PFB0890c,3,4,2
PFB0895c,4,5,2
PFB0900c,0,1,0
PFB0905c,0,2,1
PFB0910w,0,3,0
PFB0915w,0,1,0
PFB0920w,0,1,0
PFB0921c,0,4,0
PFB0923c,0,4,0
PFB0930w,0,5,2
PFB0932w,0,1,1
PFB0935w,0,2,0
PFB0946c,0,1,0
PFB0950w,0,1,0
PFB0951w,0,2,1
PFB0953w,0,2,0
PFB0955w,6,3,0
PFB0960c,2,4,0
PFB0965c,0,0,1
PFB0970c,0,2,0
PFB0972w,4,5,3
PFB0980w,0,2,0
PFB0985c,2,4,0
PFB0995w,0,3,0
PFB1005w,2,3,0
PFB1010w,7,5,0
PFB1015w,2,2,0
PFB1020w,6,3,0
PFB1035w,7,5,0
PFB1040w,2,2,0
PFB1050w,7,5,0
PFB1055c,7,4,2
PFC0005w,1,2,1
PFC0010c,7,5,0
PFC0025c,6,3,0
PFC0030c,2,3,0
PFC0035w,7,5,0
PFC0040w,7,5,0
PFC0050c,3,0,2
PFC0055w,0,3,0
PFC0060c,2,0,2
PFC0065c,0,3,1
PFC0075c,0,3,1
PFC0080c,0,4,1
PFC0085c,0,2,0
PFC0090w,0,1,0
PFC0095c,0,2,1
PFC0100c,0,5,0
PFC0105w,2,3,2
PFC0110w,2,4,1
PFC0120w,2,4,1
PFC0125w,4,5,3
PFC0126c,0,3,1
PFC0130c,0,3,1
PFC0135c,1,0,1
PFC0140c,2,5,2
PFC0145c,3,3,0
PFC0155c,2,6,2
PFC0160w,2,5,2
PFC0165w,3,4,0
PFC0166w,0,0,1
PFC0170c,1,3,1
PFC0175w,2,0,1
PFC0180c,0,2,0
PFC0185w,0,2,0
PFC0190c,1,4,1
PFC0195w,0,2,0
PFC0200w,2,5,1
PFC0205c,4,2,2
PFC0210c,2,6,1
PFC0215c,0,2,1
PFC0220w,0,0,1
PFC0225c,2,3,1
PFC0230c,0,3,0
PFC0235w,2,5,2
PFC0240c,0,2,0
PFC0241w,2,4,2
PFC0245c,1,0,0
PFC0250c,4,3,1
PFC0255c,2,0,1
PFC0260w,2,3,2
PFC0261c,3,3,1
PFC0262c,0,2,2
PFC0265c,0,4,0
PFC0270w,0,0,2
PFC0271c,5,0,3
PFC0275w,3,4,1
PFC0280c,0,2,1
PFC0282w,0,1,0
PFC0285c,2,3,1
PFC0290w,2,5,1
PFC0295c,2,5,1
PFC0300c,2,5,1
PFC0305w,0,0,1
PFC0310c,1,4,1
PFC0315c,6,6,1
PFC0325c,0,1,1
PFC0330w,1,4,1
PFC0335c,0,3,1
PFC0340w,2,6,2
PFC0345w,0,2,1
PFC0350c,2,3,1
PFC0355c,0,0,1
PFC0360w,1,0,0
PFC0365w,3,4,2
PFC0371w,0,2,1
PFC0380w,8,4,3
PFC0381c,0,2,0
PFC0385c,3,0,2
PFC0395w,3,0,1
PFC0400w,4,7,0
PFC0415c,0,0,1
PFC0416w,2,4,2
PFC0420w,2,0,2
PFC0425w,0,1,1
PFC0430w,2,2,2
PFC0435w,0,8,1
PFC0440c,0,0,2
PFC0445w,2,3,0
PFC0450w,0,5,0
PFC0460w,0,2,0
PFC0465c,2,0,0
PFC0470w,3,3,2
PFC0475c,0,0,1
PFC0485w,2,0,2
PFC0486c,0,4,1
PFC0490w,3,7,1
PFC0495w,1,0,1
PFC0500w,0,3,0
PFC0505c,0,1,0
PFC0506w,0,2,1
PFC0510w,0,3,2
PFC0520w,2,3,0
PFC0525c,3,2,2
PFC0530w,3,2,0
PFC0535w,2,5,1
PFC0545c,2,3,2
PFC0550w,6,3,1
PFC0555c,0,3,1
PFC0556c,0,5,0
PFC0560c,2,2,2
PFC0565w,0,2,2
PFC0570c,0,2,1
PFC0575w,0,3,0
PFC0580c,0,3,0
PFC0581w,6,2,1
PFC0590c,6,5,1
PFC0595c,2,3,1
PFC0610c,0,0,1
PFC0615w,0,1,0
PFC0625w,0,3,0
PFC0630w,0,0,1
PFC0635c,2,4,1
PFC0640w,7,3,1
PFC0670c,0,3,0
PFC0675c,2,6,1
PFC0680w,0,2,1
PFC0685w,0,1,0
PFC0690c,0,3,2
PFC0695w,0,0,1
PFC0700c,4,3,1
PFC0701w,2,4,1
PFC0710w-a,2,2,2
PFC0710w-b,2,2,2
PFC0715c,0,3,0
PFC0720w,3,4,1
PFC0725c,3,4,1
PFC0735w,2,5,1
PFC0740c,0,3,2
PFC0745c,2,3,1
PFC0750w,2,3,2
PFC0755c,2,0,2
PFC0760c,0,5,2
PFC0765c,2,3,0
PFC0770c,2,5,2
PFC0775w,2,5,1
PFC0780w,4,3,1
PFC0785c,3,3,0
PFC0790w,0,2,0
PFC0795w,0,3,0
PFC0800w,0,1,0
PFC0805w,2,6,2
PFC0810c,0,5,0
PFC0815c,0,3,1
PFC0825c,2,6,1
PFC0831w,3,3,1
PFC0835c,0,2,0
PFC0840w,2,4,3
PFC0845c,2,4,2
PFC0850c,0,3,0
PFC0855w,0,0,1
PFC0860w,2,5,2
PFC0865w,0,0,1
PFC0870w,2,3,1
PFC0875w,0,1,2
PFC0880c,0,2,0
PFC0885c,3,7,2
PFC0886w,7,3,2
PFC0890w,6,6,1
PFC0900w,2,3,1
PFC0910w,1,3,1
PFC0911c,0,2,0
PFC0912w,2,7,1
PFC0915w,0,4,2
PFC0920w,2,5,1
PFC0925w,0,3,1
PFC0930c,0,2,1
PFC0935c,3,7,1
PFC0945w,2,0,2
PFC0950c,1,0,1
PFC0955w,0,0,1
PFC0960c,0,5,2
PFC0965w,0,3,0
PFC0970w,4,2,0
PFC0975c,2,2,2
PFC0980c,0,0,1
PFC0990c,0,5,2
PFC0995c,3,3,1
PFC1005c,3,0,2
PFC1010w,0,3,1
PFC1011c,0,1,0
PFC1015c,0,1,0
PFC1016w,0,2,0
PFC1020c,2,5,1
PFC1025w,0,0,1
PFC1030w,0,4,0
PFC1035w,0,2,0
PFC1040w,0,1,0
PFC1045c,0,5,1
PFC1050w,0,5,2
PFC1055w,0,2,0
PFC1060c,3,5,0
PFC1065w,0,4,0
PFC1080c,2,4,0
PFC1095w,7,5,0
PFC1105w,6,2,0
PFC1115w,7,5,0
PFC1120c,1,2,1
PFD0005w,7,4,2
PFD0015c,7,5,0
PFD0020c,7,4,2
PFD0025w,7,5,0
PFD0030c,7,5,0
PFD0035c,6,3,0
PFD0040c,7,5,0
PFD0045c,2,3,0
PFD0050w,7,5,0
PFD0055w,7,5,0
PFD0060w,7,5,0
PFD0065w,2,3,0
PFD0075w,0,3,0
PFD0080c,0,2,0
PFD0085c,3,0,1
PFD0090c,0,6,1
PFD0095c,2,3,0
PFD0110w,2,2,1
PFD0115c,0,2,1
PFD0125c,6,3,0
PFD0150w,0,2,1
PFD0155c,0,2,0
PFD0160w,0,1,1
PFD0165w,2,3,1
PFD0170c,0,3,0
PFD0180c,3,2,1
PFD0185c,0,0,1
PFD0190w,0,0,1
PFD0200c,4,3,2
PFD0205c,0,1,0
PFD0207c,1,5,1
PFD0210c,0,0,1
PFD0225w,2,3,1
PFD0230c,1,3,1
PFD0235c,0,3,0
PFD0240c,0,10,1
PFD0245c,2,0,2
PFD0250c,3,7,2
PFD0260c,2,8,1
PFD0265w,2,5,1
PFD0275w,0,2,0
PFD0285c,3,0,1
PFD0295c,0,4,1
PFD0305c,5,3,3
PFD0310w,0,8,0
PFD0311w,3,2,1
PFD0320c,0,5,2
PFD0325w,0,2,1
PFD0330w,0,5,2
PFD0335c,2,4,2
PFD0340c,0,5,2
PFD0345c,0,0,1
PFD0350w,3,0,1
PFD0355c,0,0,1
PFD0360w,4,0,1
PFD0365c,0,0,1
PFD0367w,3,0,0
PFD0375w,0,1,1
PFD0380c,0,3,0
PFD0385w,0,1,0
PFD0390c,0,0,2
PFD0400w,0,5,2
PFD0403w,0,2,0
PFD0405c,0,2,1
PFD0420c,4,0,2
PFD0425w,0,2,0
PFD0430c,0,8,2
PFD0445c,0,2,0
PFD0450c,3,5,0
PFD0455w,0,6,0
PFD0460c,2,0,1
PFD0462w,3,3,1
PFD0465c,3,0,2
PFD0470c,4,6,1
PFD0480w,4,2,1
PFD0485w,4,3,1
PFD0487c,2,3,1
PFD0495c,0,2,0
PFD0505c,2,3,1
PFD0515w,3,3,2
PFD0520c,0,2,1
PFD0525w,4,3,0
PFD0530c,0,3,2
PFD0535w,4,3,1
PFD0540c,0,5,2
PFD0545w,0,5,0
PFD0550c,0,2,0
PFD0555c,2,3,2
PFD0560w,0,2,0
PFD0565c,2,0,2
PFD0580c,0,2,0
PFD0585c,0,3,0
PFD0590c,2,6,2
PFD0595w,0,2,1
PFD0600c,2,5,1
PFD0615c,7,4,2
PFD0620c,0,1,0
PFD0625c,7,4,2
PFD0630c,7,4,2
PFD0635c,7,4,2
PFD0640c,7,5,0
PFD0645w,7,5,0
PFD0660w,3,2,1
PFD0665c,3,3,2
PFD0669c,0,2,0
PFD0675w,1,4,1
PFD0680c,2,3,2
PFD0685c,5,5,1
PFD0690c,0,3,1
PFD0700c,2,0,1
PFD0705c,0,3,0
PFD0710w,0,3,1
PFD0720w,0,5,1
PFD0725c,2,1,3
PFD0735c,0,3,1
PFD0740w,2,0,2
PFD0745c,2,7,0
PFD0750w,2,3,1
PFD0755c,2,5,2
PFD0760c,0,3,0
PFD0765w,0,0,1
PFD0770c,2,4,1
PFD0775c,0,0,1
PFD0780w,3,4,1
PFD0785c,3,3,2
PFD0790c,2,0,2
PFD0795w,8,3,1
PFD0800c,5,3,0
PFD0807c,0,3,1
PFD0810w,7,5,1
PFD0815c,0,1,0
PFD0820w,0,3,0
PFD0825c,5,2,1
PFD0830w,4,2,2
PFD0835c,0,3,0
PFD0855c,0,2,1
PFD0865c,2,0,2
PFD0872w,2,2,1
PFD0875c,0,2,0
PFD0880w,0,3,1
PFD0885c,0,1,0
PFD0890w,0,2,0
PFD0895c,2,3,1
PFD0900w,2,3,1
PFD0905w,0,3,0
PFD0910w,0,3,0
PFD0930w,1,0,0
PFD0935c,2,4,3
PFD0940w,0,2,1
PFD0945c,0,2,0
PFD0950w,3,0,2
PFD0955w,0,4,0
PFD0960c,2,4,1
PFD0965W,7,0,1
PFD0970c,0,0,1
PFD0975w,2,0,2
PFD0980w,4,3,2
PFD0985w,4,0,1
PFD0990w,4,3,0
PFD0993c,2,2,1
PFD0995c,7,4,2
PFD1000c,7,4,2
PFD1005c,7,4,2
PFD1007w,0,2,1
PFD1010w,2,3,0
PFD1015c,7,4,2
PFD1020c,2,3,0
PFD1035w,3,0,1
PFD1037w,1,6,0
PFD1050w,3,5,3
PFD1055w,2,5,1
PFD1060w,2,5,2
PFD1070w,4,5,2
PFD1080w,0,0,1
PFD1085w,0,1,0
PFD1090c,1,3,1
PFD1100c,2,3,2
PFD1105w,2,2,1
PFD1110w,1,7,1
PFD1115c,0,2,0
PFD1120c,0,6,0
PFD1130w,2,5,1
PFD1135c,0,3,0
PFD1140w,0,2,1
PFD1145c,2,3,1
PFD1150c,2,2,1
PFD1155w,1,2,1
PFD1160w,0,5,0
PFD1165w,2,2,2
PFD1170c,0,2,0
PFD1175w,2,2,2
PFD1185w,0,2,0
PFD1195c,0,3,0
PFD1200c,0,0,1
PFD1210w,3,2,2
PFD1215w,0,2,1
PFD1220c,6,3,0
PFD1230c,7,5,0
PFD1235w,7,4,2
PFD1240w,7,5,0
PFD1245c,7,4,2
PFE0005w,7,4,2
PFE0020c,7,5,0
PFE0025c,2,3,0
PFE0030c,0,3,0
PFE0040c,0,2,1
PFE0045c,2,0,2
PFE0050w,0,2,0
PFE0060w,0,4,1
PFE0065w,1,8,1
PFE0070w,0,1,1
PFE0075c,0,2,0
PFE0080c,2,2,0
PFE0090w,3,3,0
PFE0100w,1,4,1
PFE0105c,4,3,0
PFE0110w,0,6,0
PFE0115c,0,3,0
PFE0120c,0,8,0
PFE0140c,4,6,0
PFE0145w,2,5,1
PFE0150c,3,3,1
PFE0155w,2,0,2
PFE0160c,2,5,1
PFE0165w,5,3,1
PFE0170c,2,0,2
PFE0175c,0,9,2
PFE0185c,2,5,1
PFE0195w,2,5,3
PFE0200c,0,0,1
PFE0205w,0,3,2
PFE0210c,0,2,0
PFE0215w,0,3,2
PFE0220w,0,2,0
PFE0225w,3,6,1
PFE0230w,0,4,0
PFE0235c,2,3,1
PFE0240w,0,2,0
PFE0250w,0,3,0
PFE0255w,6,5,2
PFE0260w,2,6,1
PFE0265c,0,3,1
PFE0270c,4,0,1
PFE0275w,8,3,0
PFE0280c,0,5,2
PFE0285c,2,3,0
PFE0290c,2,3,1
PFE0295w,0,2,0
PFE0300c,3,5,1
PFE0305w,2,6,1
PFE0310c,4,0,2
PFE0320w,0,5,2
PFE0328w,3,2,2
PFE0330w,0,2,0
PFE0335w,5,3,1
PFE0340c,2,2,1
PFE0345c,0,3,0
PFE0350c,2,5,1
PFE0355c,1,3,2
PFE0365c,0,2,0
PFE0370c,1,7,1
PFE0375w,4,3,0
PFE0380c,6,3,1
PFE0385w,0,2,0
PFE0390w,1,4,0
PFE0395c,0,4,0
PFE0400w,0,3,1
PFE0405c,0,5,0
PFE0410w,2,6,1
PFE0415w,2,5,0
PFE0420c,2,3,1
PFE0430w,0,0,2
PFE0435c,2,3,1
PFE0440w,0,5,2
PFE0445c,1,3,2
PFE0450w,2,3,1
PFE0455w,0,3,0
PFE0460c,0,3,0
PFE0465c,2,6,2
PFE0470w,4,3,2
PFE0475w,3,3,2
PFE0480c,0,3,0
PFE0485w,7,0,1
PFE0495w,0,4,0
PFE0500c,0,3,1
PFE0505w,2,0,2
PFE0510c,0,2,0
PFE0515w,0,2,0
PFE0520c,4,3,1
PFE0545c,5,3,1
PFE0555w,3,3,1
PFE0560c,0,8,0
PFE0565w,0,2,1
PFE0570w,2,0,2
PFE0575c,0,2,0
PFE0580w,0,3,1
PFE0585c,3,0,1
PFE0590w,0,2,1
PFE0595w,2,1,1
PFE0605c,3,0,2
PFE0610c,6,3,1
PFE0625w,7,4,2
PFE0630c,3,0,2
PFE0640w,0,2,1
PFE0650c,0,2,0
PFE0655w,2,3,1
PFE0660c,3,0,1
PFE0665c,3,0,1
PFE0670w,4,7,1
PFE0675c,4,0,1
PFE0680w,0,2,0
PFE0690c,7,4,2
PFE0695w,0,1,0
PFE0700c,2,0,0
PFE0705c,0,3,2
PFE0710w,0,4,0
PFE0715w,3,3,2
PFE0725c,0,1,0
PFE0730c,3,0,1
PFE0740c,0,0,1
PFE0750c,7,5,1
PFE0755c,1,2,1
PFE0765w,8,5,2
PFE0775c,2,2,1
PFE0780w,2,3,0
PFE0785c,0,2,0
PFE0795c,0,2,1
PFE0805w,2,5,3
PFE0810c,2,5,2
PFE0815w,2,3,2
PFE0820c,0,2,0
PFE0825w,3,2,1
PFE0830c,2,8,2
PFE0835w,2,0,1
PFE0840c,4,0,1
PFE0845c,2,5,1
PFE0850c,2,4,1
PFE0855c,0,2,1
PFE0860c,0,4,0
PFE0865c,4,5,1
PFE0870w,2,3,0
PFE0875c,1,3,1
PFE0880c,8,5,0
PFE0885w,2,3,1
PFE0890c,6,0,1
PFE0895c,0,2,1
PFE0900w,4,4,1
PFE0910w,0,3,1
PFE0915c,2,3,1
PFE0920c,6,3,1
PFE0925c,0,3,1
PFE0935c,4,0,1
PFE0940c,0,3,0
PFE0950c,0,2,0
PFE0955w,2,3,1
PFE0960w,2,4,1
PFE0965c,3,3,2
PFE0970w,3,2,1
PFE0975c,2,5,1
PFE0985w,0,3,1
PFE0995c,0,3,0
PFE1000c,0,3,0
PFE1005w,2,5,2
PFE1010w,2,0,1
PFE1015c,0,0,1
PFE1020w,2,5,0
PFE1025c,4,1,1
PFE1030c,3,0,1
PFE1035c,0,2,1
PFE1040c,0,3,0
PFE1045c,0,3,1
PFE1050w,3,0,1
PFE1055c,0,2,1
PFE1060c,0,0,1
PFE1065w,0,2,0
PFE1070c,0,5,2
PFE1075c,5,3,2
PFE1080w,3,0,2
PFE1085w,0,0,2
PFE1090w,0,0,1
PFE1095w,0,5,2
PFE1100w,2,0,2
PFE1110w,2,6,0
PFE1115c,1,0,1
PFE1120w,1,0,0
PFE1125w,2,6,1
PFE1130w,2,4,1
PFE1135w,3,3,2
PFE1140c,2,5,0
PFE1145w,0,3,1
PFE1150w,4,5,3
PFE1155c,0,3,3
PFE1173c,0,5,0
PFE1175w,0,2,0
PFE1185w,1,1,1
PFE1190c,6,2,1
PFE1195w,2,7,1
PFE1200w,0,3,0
PFE1205c,0,2,0
PFE1215c,0,0,1
PFE1220w,0,0,1
PFE1225w,2,5,1
PFE1230c,1,5,0
PFE1235c,2,0,0
PFE1240w,2,3,2
PFE1245w,2,3,1
PFE1250w,3,0,1
PFE1255w,4,5,0
PFE1265w,6,4,1
PFE1275c,2,0,2
PFE1285w,0,2,0
PFE1290w,2,0,2
PFE1295c,0,3,0
PFE1300w,0,4,0
PFE1315w,1,1,1
PFE1320w,3,5,0
PFE1325w,3,0,0
PFE1330c,0,3,0
PFE1340w,1,6,0
PFE1345c,2,4,2
PFE1350c,0,0,1
PFE1355c,2,0,2
PFE1360c,1,0,1
PFE1365w,0,2,0
PFE1370w,2,0,0
PFE1390w,0,0,2
PFE1395c,2,2,0
PFE1400c,1,5,1
PFE1405c,0,3,1
PFE1410c,0,3,1
PFE1415w,4,2,2
PFE1420w,6,5,1
PFE1425c,0,0,1
PFE1430c,2,0,2
PFE1435c,0,2,1
PFE1440c,2,4,2
PFE1445c,0,6,0
PFE1450c,0,3,0
PFE1455w,2,2,1
PFE1460w,2,5,0
PFE1470w,4,0,1
PFE1480c,0,2,0
PFE1485w,0,5,2
PFE1490c,0,0,1
PFE1500c,0,3,0
PFE1505w,6,5,1
PFE1510c,2,6,1
PFE1520c,0,1,0
PFE1525w,7,2,3
PFE1530c,0,3,0
PFE1535w,2,0,1
PFE1545c,3,1,0
PFE1550w,0,6,0
PFE1555c,1,0,0
PFE1560c,2,4,1
PFE1570c,0,1,1
PFE1590w,0,6,0
PFE1595c,0,4,0
PFE1600w,0,2,0
PFE1605w,2,2,1
PFE1610w,0,3,0
PFE1615c,0,2,0
PFE1630w,2,3,0
PFE1640w,1,2,1
PFF0005c,1,2,1
PFF0010w,7,4,2
PFF0015c,7,5,0
PFF0020c,1,2,1
PFF0025w,7,5,0
PFF0035c,7,5,0
PFF0060w,0,2,0
PFF0075c,0,4,2
PFF0085w,0,2,1
PFF0090w,1,2,1
PFF0095c,2,2,2
PFF0100w,0,0,2
PFF0110w,0,3,1
PFF0115c,2,3,2
PFF0120w,2,0,1
PFF0125c,1,4,1
PFF0135w,0,3,0
PFF0145w,0,3,0
PFF0150c,0,3,1
PFF0155w,2,5,2
PFF0160c,4,5,1
PFF0165c,0,2,1
PFF0170w,3,5,1
PFF0175c,4,3,1
PFF0180w,3,3,2
PFF0185c,0,4,0
PFF0195c,0,1,0
PFF0200c,0,5,1
PFF0210w,0,3,0
PFF0215w,0,3,0
PFF0220w,0,2,1
PFF0225w,0,0,2
PFF0230c,3,3,1
PFF0245w,2,5,1
PFF0250w,0,0,1
PFF0255c,0,0,1
PFF0260w,2,0,2
PFF0265c,0,0,1
PFF0270c,4,0,0
PFF0275c,3,0,1
PFF0285c,6,5,2
PFF0290w,3,2,0
PFF0300w,0,0,1
PFF0315c,0,3,0
PFF0320c,4,0,1
PFF0325c,0,2,1
PFF0330w,2,7,1
PFF0340c,4,2,2
PFF0345w,2,0,2
PFF0350w,5,0,1
PFF0355c,0,2,1
PFF0360w,3,3,1
PFF0365c,0,2,0
PFF0370w,3,5,1
PFF0375c,3,4,0
PFF0380w,3,4,1
PFF0385c,2,0,2
PFF0390w,0,2,1
PFF0395c,2,3,1
PFF0400w,0,3,1
PFF0420c,2,3,1
PFF0430w,2,3,1
PFF0435w,3,0,2
PFF0450c,3,2,1
PFF0455w,0,0,1
PFF0465c,0,0,1
PFF0485c,2,0,2
PFF0495w,2,4,1
PFF0500c,3,5,0
PFF0505c,2,0,1
PFF0510w,2,5,1
PFF0515c,0,0,1
PFF0520w,2,0,2
PFF0530w,3,3,1
PFF0535c,2,4,1
PFF0550w,4,0,1
PFF0560c,0,3,1
PFF0573c,2,5,1
PFF0585c,1,2,0
PFF0590c,0,3,1
PFF0595c,0,3,0
PFF0600w,0,2,0
PFF0610c,2,0,1
PFF0615c,2,10,1
PFF0620c,0,4,0
PFF0625w,0,0,1
PFF0635w,1,2,0
PFF0640w,0,2,0
PFF0645c,0,2,0
PFF0650w,3,4,1
PFF0655c,1,6,0
PFF0660w,0,3,0
PFF0665c,3,0,1
PFF0670w,4,0,1
PFF0675c,0,5,2
PFF0680c,3,0,1
PFF0690c,3,2,0
PFF0695w,2,5,0
PFF0700c,2,5,1
PFF0705c,2,2,2
PFF0715c,4,0,2
PFF0720w,0,3,0
PFF0725w,0,2,0
PFF0730c,3,3,1
PFF0740c,3,6,0
PFF0745c,2,0,1
PFF0750w,5,0,2
PFF0755c,0,2,1
PFF0760w,0,0,1
PFF0765c,1,5,0
PFF0770c,0,3,1
PFF0775w,4,2,2
PFF0780w,0,0,1
PFF0790c,0,4,0
PFF0800w,5,2,0
PFF0810c,7,3,1
PFF0815w,3,3,1
PFF0820w,0,3,0
PFF0825c,3,5,0
PFF0830w,3,7,0
PFF0835w,0,5,2
PFF0840w,4,2,3
PFF0845c,7,4,2
PFF0850c,6,3,0
PFF0855c,7,5,0
PFF0860c,2,5,1
PFF0865w,2,5,1
PFF0885w,2,5,1
PFF0890c,0,2,0
PFF0895w,3,2,1
PFF0900c,2,2,1
PFF0925w,4,3,2
PFF0930w,2,2,2
PFF0935c,0,3,2
PFF0940c,6,3,2
PFF0945c,3,0,3
PFF0965c,0,3,0
PFF0970w,2,5,1
PFF0975c,2,0,0
PFF0980w,0,2,0
PFF0985c,2,2,1
PFF0990c,0,1,0
PFF0995c,0,4,1
PFF1000w,2,6,1
PFF1015w,4,3,2
PFF1020c,0,2,0
PFF1025c,4,2,1
PFF1030w,0,2,1
PFF1035w,0,2,0
PFF1040w,2,3,1
PFF1045w,0,2,2
PFF1050w,2,3,0
PFF1055c,0,4,1
PFF1065c,0,3,0
PFF1070c,2,0,2
PFF1075w,4,6,0
PFF1080w,0,0,1
PFF1085a,3,7,0
PFF1085c,3,0,1
PFF1090c,0,1,0
PFF1095w,3,2,2
PFF1100c,4,3,1
PFF1105c,3,2,2
PFF1110c,0,0,1
PFF1115w,2,3,2
PFF1120c,0,2,1
PFF1125c,2,2,0
PFF1130c,4,3,3
PFF1135w,2,0,1
PFF1140c,2,0,1
PFF1145c,2,0,2
PFF1150w,2,3,2
PFF1155w,4,2,2
PFF1165c,2,0,1
PFF1170w,0,1,0
PFF1175c,0,2,1
PFF1180w,0,5,1
PFF1185w,2,3,2
PFF1190c,3,1,1
PFF1195c,0,3,1
PFF1200w,4,3,0
PFF1220w,2,3,2
PFF1225c,2,0,2
PFF1230c,0,2,1
PFF1235w,0,1,0
PFF1240w,2,3,2
PFF1250w,0,2,0
PFF1265w,1,1,1
PFF1275c,3,3,1
PFF1285w,0,5,2
PFF1300w,4,0,2
PFF1310c,0,2,0
PFF1320c,0,0,1
PFF1325c,0,0,1
PFF1330c,4,7,1
PFF1335c,3,2,1
PFF1345w,2,4,2
PFF1350c,2,0,1
PFF1355w,3,3,2
PFF1360w,2,0,1
PFF1365c,0,0,1
PFF1370w,2,0,2
PFF1375c,3,5,1
PFF1377w,0,2,1
PFF1380c,0,2,1
PFF1385c,7,6,1
PFF1395c,3,4,1
PFF1405c,0,0,1
PFF1410c,3,2,1
PFF1415c,3,3,1
PFF1420w,4,8,1
PFF1425w,0,0,1
PFF1435w,2,3,1
PFF1440w,0,0,1
PFF1445c,5,0,1
PFF1450w,1,3,0
PFF1460c,0,0,1
PFF1465w,0,2,1
PFF1470c,4,6,2
PFF1475c,0,2,0
PFF1480w,1,6,0
PFF1485w,0,0,1
PFF1490w,3,0,1
PFF1495w,0,5,2
PFF1500c,3,0,2
PFF1510w,0,4,2
PFF1525c,0,2,0
PFF1530c,0,2,0
PFF1545w,2,3,0
PFF1550w,6,3,0
PFF1555w,7,5,0
PFF1560c,7,5,0
PFF1565c,7,5,0
PFF1570w,2,3,0
PFF1575w,7,5,0
PFF1580c,7,4,2
PFF1590w,7,5,0
PFF1595c,7,4,2
PFI0005w,3,4,2
PFI0010c,7,5,0
PFI0020w,7,5,0
PFI0025c,2,3,0
PFI0030c,7,5,0
PFI0035c,7,5,0
PFI0045c,6,2,0
PFI0055c,7,5,0
PFI0065w,7,5,0
PFI0070w,7,5,0
PFI0075w,7,5,0
PFI0080w,6,3,0
PFI0085c,0,2,0
PFI0095c,2,3,2
PFI0100c,2,2,2
PFI0105c,2,2,2
PFI0110c,2,0,2
PFI0115c,2,0,2
PFI0120c,2,2,2
PFI0125c,2,3,2
PFI0130c,0,1,0
PFI0135c,5,0,1
PFI0140w,0,3,0
PFI0150c,0,6,0
PFI0155c,7,4,2
PFI0160w,7,2,2
PFI0165c,0,0,1
PFI0170w,0,1,1
PFI0175w-a,0,5,2
PFI0180w,3,5,3
PFI0185w,0,8,1
PFI0190w,2,5,1
PFI0200c,1,5,0
PFI0205w,0,4,0
PFI0215c,2,7,1
PFI0220w,2,1,1
PFI0225w,2,0,1
PFI0230c,2,3,1
PFI0240c,3,7,1
PFI0245c,0,1,0
PFI0250c,0,4,0
PFI0260c,2,5,1
PFI0265c,2,2,1
PFI0270w,1,2,1
PFI0275w,0,2,0
PFI0285w,4,3,1
PFI0290c,2,7,1
PFI0295c,6,5,1
PFI0300w,2,0,0
PFI0305c,0,3,1
PFI0310w,0,2,0
PFI0315c,2,5,2
PFI0320w,0,0,1
PFI0325c,2,3,1
PFI0328c,0,2,0
PFI0340c,0,3,0
PFI0350c,2,3,1
PFI0355c,0,3,2
PFI0365w,2,0,1
PFI0370c,0,3,0
PFI0375w,2,4,1
PFI0380c,2,3,2
PFI0385c,2,0,2
PFI0390c,0,4,0
PFI0405w,0,3,0
PFI0415c,2,0,1
PFI0420c,2,0,2
PFI0425w,3,0,0
PFI0430c,3,4,1
PFI0435c,0,2,0
PFI0440w,0,1,0
PFI0445c,3,0,1
PFI0450c,0,2,1
PFI0455w,0,0,2
PFI0460w,0,5,0
PFI0465c,0,2,0
PFI0470w,0,0,1
PFI0475w,2,3,1
PFI0480w,0,0,2
PFI0485c,0,3,2
PFI0490c,0,3,0
PFI0495w,0,3,0
PFI0510c,4,2,2
PFI0515w,7,6,1
PFI0520w,6,5,1
PFI0525w,3,0,1
PFI0530c,2,0,1
PFI0535w,3,2,1
PFI0540w,2,2,2
PFI0550w,7,4,0
PFI0555c,0,2,0
PFI0570w,0,3,2
PFI0575c,2,3,2
PFI0580c,5,5,1
PFI0585c,0,3,1
PFI0590c,0,2,1
PFI0595c,0,2,0
PFI0610w,4,3,1
PFI0625c,4,4,2
PFI0630w,0,3,0
PFI0640c,0,2,0
PFI0645w,2,3,1
PFI0650c,1,2,2
PFI0655c,2,2,1
PFI0660c,0,4,0
PFI0665w,0,1,0
PFI0670w,2,3,1
PFI0675w,0,2,0
PFI0680c,3,3,2
PFI0685w,2,3,2
PFI0690c,0,2,2
PFI0695c,1,3,1
PFI0700c,0,3,0
PFI0705w,0,4,2
PFI0710c,0,2,1
PFI0715w,2,6,1
PFI0720w,3,2,0
PFI0735c,2,3,1
PFI0740c,2,0,1
PFI0750c,0,0,1
PFI0755c,3,2,2
PFI0765w,0,2,0
PFI0775w,2,2,2
PFI0780w,0,1,0
PFI0785c,3,2,0
PFI0790w,5,3,1
PFI0795w,0,2,1
PFI0800c,0,2,0
PFI0805w,0,3,0
PFI0810c,6,3,1
PFI0815c,3,0,1
PFI0820c,0,0,1
PFI0823w,0,1,0
PFI0825w,0,0,1
PFI0830c,0,0,1
PFI0835c,4,0,2
PFI0840w,0,4,0
PFI0845w,0,2,0
PFI0855w,3,2,1
PFI0860c,0,0,2
PFI0875w,0,3,0
PFI0880c,0,4,2
PFI0885w,0,0,1
PFI0890c,2,4,1
PFI0895c,2,3,1
PFI0900w,4,6,1
PFI0910w,2,3,2
PFI0915w,0,3,1
PFI0920c,3,3,2
PFI0925w,2,0,1
PFI0930c,2,5,1
PFI0945w,0,5,0
PFI0950w,4,0,0
PFI0955w,3,2,1
PFI0960w,3,6,0
PFI0975c,4,5,3
PFI0980w,0,2,0
PFI0985c,3,0,1
PFI0990c,0,3,0
PFI0995w,0,2,0
PFI1005w,6,2,1
PFI1010w,0,3,2
PFI1015w,2,6,0
PFI1020c,3,0,1
PFI1025w,0,0,1
PFI1045w,0,2,0
PFI1050c,3,3,1
PFI1065c,0,3,1
PFI1070c,2,3,0
PFI1075w,0,1,0
PFI1090w,3,0,2
PFI1100w,3,0,0
PFI1105w,3,0,1
PFI1110w,3,0,1
PFI1115c,2,5,0
PFI1120c,2,2,2
PFI1125c,3,3,2
PFI1130c,2,0,2
PFI1140w,2,0,2
PFI1145w,2,3,0
PFI1150w,0,3,1
PFI1155w,3,2,3
PFI1160w,0,3,1
PFI1165c,0,2,0
PFI1175c,0,0,1
PFI1180w,2,0,1
PFI1185c,3,3,1
PFI1195c,3,2,2
PFI1200w,0,3,0
PFI1205c,0,1,0
PFI1210w,0,0,1
PFI1215w,2,5,1
PFI1216w,0,0,1
PFI1220w,2,5,2
PFI1230c,0,2,0
PFI1235w,0,0,1
PFI1240c,3,3,2
PFI1245c,0,0,1
PFI1250w,5,3,1
PFI1260c,5,3,1
PFI1265w,2,2,0
PFI1275w,2,0,2
PFI1280c,2,0,2
PFI1285w,2,3,2
PFI1295c,3,2,1
PFI1305w,0,2,0
PFI1310w,0,2,0
PFI1315c,8,1,1
PFI1320c,2,4,1
PFI1330c,0,2,2
PFI1335w,2,3,1
PFI1340w,0,0,1
PFI1355w,0,3,1
PFI1360c,0,3,1
PFI1365w,0,4,3
PFI1370c,3,4,1
PFI1380c,0,2,1
PFI1395w,0,2,0
PFI1415w,2,0,2
PFI1420w,3,0,1
PFI1425w,2,6,0
PFI1435w,0,0,1
PFI1440w,0,3,0
PFI1445w,0,2,0
PFI1450c,0,2,0
PFI1455c,0,2,0
PFI1463w,1,2,0
PFI1468c,0,3,0
PFI1470c,0,5,0
PFI1475w,2,4,1
PFI1485c,6,3,1
PFI1490c,2,0,1
PFI1495w,0,2,0
PFI1500w,2,2,2
PFI1505c,0,0,2
PFI1510w,3,3,0
PFI1515w,4,3,2
PFI1530c,0,3,0
PFI1540w,0,2,2
PFI1545c,2,3,1
PFI1550c,0,2,0
PFI1555w,0,2,0
PFI1560c,1,4,0
PFI1565w,3,0,1
PFI1570c,1,2,2
PFI1575c,4,2,1
PFI1580c,2,3,2
PFI1585c,2,4,2
PFI1590c,4,4,1
PFI1595c,0,2,1
PFI1600w,0,0,1
PFI1620c,3,5,0
PFI1625c,1,0,2
PFI1630c,0,4,2
PFI1635w,3,5,3
PFI1640c,3,3,2
PFI1645c,0,3,0
PFI1650w,2,3,2
PFI1655c,2,5,1
PFI1660w,0,2,0
PFI1665w,4,0,1
PFI1670c,3,6,2
PFI1675w,2,4,1
PFI1685w,4,0,2
PFI1690c,0,1,0
PFI1695c,2,0,1
PFI1700c,3,0,0
PFI1705w,3,0,1
PFI1710w,0,5,0
PFI1715w,0,0,1
PFI1725w,3,2,2
PFI1730w,2,2,0
PFI1735c,1,4,1
PFI1740c-a,0,2,0
PFI1745c,0,6,0
PFI1750c,0,3,0
PFI1755c,0,2,0
PFI1760w,0,2,0
PFI1765c,1,5,1
PFI1770w,0,2,0
PFI1780w,0,2,0
PFI1785w,0,3,0
PFI1790w,2,5,1
PFI1795c,0,3,0
PFI1805w,7,5,0
PFI1810w,2,3,0
PFI1815c,7,5,0
PFI1820w,1,2,1
PFI1830c,7,4,2
PFI1835c,3,3,1
PFL0005w,7,4,2
PFL0010c,7,5,0
PFL0015c,2,3,0
PFL0020w,7,4,3
PFL0025c,7,5,0
PFL0030c,7,4,2
PFL0035c,1,3,1
PFL0040c,2,2,2
PFL0045c,0,2,0
PFL0050c,0,3,1
PFL0055c,0,3,0
PFL0060w,0,1,0
PFL0065w,0,2,0
PFL0070c,0,1,0
PFL0075w,0,0,2
PFL0080c,2,3,2
PFL0085c,0,2,0
PFL0100c,2,0,2
PFL0110c,1,5,0
PFL0115w,2,3,1
PFL0120c,2,0,1
PFL0125c,2,0,1
PFL0130c,0,4,0
PFL0135w,0,3,0
PFL0140w,0,0,1
PFL0145c,7,3,1
PFL0150w,2,6,1
PFL0155c,0,1,0
PFL0160w,4,7,1
PFL0175c,0,2,1
PFL0180w,2,5,1
PFL0185c,2,3,1
PFL0190w,6,3,1
PFL0195w,0,1,0
PFL0205w,3,4,2
PFL0210c,7,0,1
PFL0220c,0,2,0
PFL0225c,0,0,1
PFL0230w,2,0,2
PFL0245w,1,5,0
PFL0250w,0,1,0
PFL0255c,2,0,1
PFL0260c,0,2,1
PFL0270c,0,2,0
PFL0275w,0,2,1
PFL0285w,3,3,1
PFL0290w,0,0,1
PFL0295c,0,2,0
PFL0300c,0,5,1
PFL0305c,3,0,2
PFL0310c,2,3,1
PFL0315c,0,2,2
PFL0330c,2,6,2
PFL0335c,4,0,1
PFL0345w,0,1,1
PFL0350c,0,5,2
PFL0355c,0,3,1
PFL0360c,0,3,1
PFL0365c,0,3,2
PFL0375w,2,3,1
PFL0380c,2,3,2
PFL0390c,0,3,0
PFL0395c,0,2,0
PFL0400w,2,4,1
PFL0405w,0,5,0
PFL0410w,7,4,0
PFL0415w,3,3,1
PFL0420w,2,2,1
PFL0425c,0,1,0
PFL0430w,4,5,1
PFL0440c,0,1,1
PFL0445w,0,0,2
PFL0450c,0,5,0
PFL0455c,3,3,2
PFL0460w,2,5,1
PFL0465c,4,3,1
PFL0470w,0,2,0
PFL0480w,3,3,1
PFL0485w,0,3,1
PFL0490c,2,3,0
PFL0495c,3,5,3
PFL0500w,2,6,1
PFL0505c,6,6,1
PFL0510c,0,0,1
PFL0520c,0,5,1
PFL0530c,0,3,0
PFL0540w,3,5,1
PFL0545w,2,5,2
PFL0560c,2,6,2
PFL0565w,1,5,1
PFL0570c,2,4,1
PFL0575w,2,5,2
PFL0580w,2,6,2
PFL0585w,6,4,1
PFL0590c,5,2,3
PFL0595c,3,3,2
PFL0600w,0,5,0
PFL0610w,0,5,0
PFL0615w,0,4,0
PFL0620c,1,6,1
PFL0625c,4,3,1
PFL0630w,3,3,3
PFL0635c,0,3,1
PFL0650c,0,3,0
PFL0655w,6,5,0
PFL0660w,2,5,1
PFL0665c,2,0,1
PFL0670c,4,2,2
PFL0675c,3,0,1
PFL0685w,1,3,1
PFL0690c,0,3,0
PFL0692c,2,1,1
PFL0695c,2,1,1
PFL0700w,0,3,0
PFL0705c,2,4,2
PFL0710w,0,2,1
PFL0715w,0,3,0
PFL0720w,3,2,1
PFL0725w,3,3,2
PFL0730w,0,6,2
PFL0735w,2,3,2
PFL0740c,3,3,1
PFL0745c,0,1,0
PFL0755c,4,0,1
PFL0760w,0,4,0
PFL0765w,0,2,0
PFL0770w,3,3,2
PFL0775w,0,2,0
PFL0780w,3,3,2
PFL0785c,4,7,1
PFL0790w,0,4,0
PFL0795c,2,9,0
PFL0800c,0,3,0
PFL0805w,0,2,1
PFL0815w,0,0,1
PFL0830w,2,3,1
PFL0835w,0,3,1
PFL0840c,0,4,0
PFL0850w,0,5,0
PFL0855c,1,1,1
PFL0860c,3,0,1
PFL0870w,0,3,1
PFL0875w,0,4,0
PFL0880c,0,3,0
PFL0885w,3,5,0
PFL0890c,2,0,1
PFL0895c,0,2,2
PFL0900c,3,2,2
PFL0920c,0,2,0
PFL0925w,2,0,1
PFL0930w,1,7,2
PFL0935c,7,4,2
PFL0950c,2,2,3
PFL0955c,0,0,2
PFL0957w,0,4,0
PFL0960w,3,0,1
PFL0965c,0,0,1
PFL0970w,3,5,0
PFL0973c,2,0,2
PFL0975w,3,3,1
PFL0985c,0,2,0
PFL0990w,0,4,0
PFL0995c,0,2,0
PFL1005c,7,6,1
PFL1010c,2,5,2
PFL1020w,1,2,3
PFL1025c,0,1,0
PFL1030w,0,2,0
PFL1035w,0,0,2
PFL1040w,0,3,0
PFL1045w,3,3,1
PFL1050w,4,3,1
PFL1055c,2,1,1
PFL1060c,2,3,1
PFL1065c,0,1,0
PFL1070c,3,3,1
PFL1075w,4,0,1
PFL1080c,3,0,1
PFL1085w,4,3,1
PFL1090w,0,6,1
PFL1095c,0,2,0
PFL1100w,0,2,1
PFL1105c,0,3,1
PFL1110c,4,3,1
PFL1115w,5,6,0
PFL1120c,3,3,2
PFL1125w,2,2,3
PFL1130c,0,2,1
PFL1135c,0,2,0
PFL1140w,4,3,1
PFL1150c,3,5,1
PFL1155w,3,2,1
PFL1165w,1,2,0
PFL1170w,2,4,1
PFL1175w,0,3,0
PFL1180w,7,3,1
PFL1185c,4,5,1
PFL1190c,2,3,2
PFL1200c,2,5,1
PFL1205c,0,0,1
PFL1210w,3,3,2
PFL1215c,4,3,1
PFL1220w,0,5,0
PFL1225c,0,4,2
PFL1230w,3,3,1
PFL1235c,0,1,0
PFL1240c,5,7,0
PFL1245w,2,2,1
PFL1250c,0,1,0
PFL1255c,0,3,0
PFL1260w,1,0,1
PFL1270w,1,0,1
PFL1285c,5,4,2
PFL1290w,0,6,1
PFL1295w,0,3,1
PFL1300c,2,2,2
PFL1305c,0,1,0
PFL1310c,2,3,2
PFL1315w,2,7,1
PFL1320w,0,1,0
PFL1325c,2,3,2
PFL1330c,6,1,0
PFL1340c,0,5,2
PFL1345c,0,0,2
PFL1350w,2,0,2
PFL1370w,4,0,2
PFL1375w,0,2,0
PFL1380w,2,0,2
PFL1385c,0,6,0
PFL1390w,0,4,0
PFL1395c,0,3,1
PFL1400c,0,3,0
PFL1405w,0,4,0
PFL1410c,4,5,3
PFL1420w,2,4,2
PFL1425w,2,3,1
PFL1430c,0,3,0
PFL1435c,3,5,2
PFL1445w,0,3,0
PFL1450c,0,5,0
PFL1455w,0,4,0
PFL1460c,0,0,1
PFL1465c,3,4,1
PFL1475w,1,0,1
PFL1480w,0,5,0
PFL1485w,4,3,0
PFL1490w,0,0,2
PFL1495w,0,0,1
PFL1500w,7,4,2
PFL1505c,0,0,1
PFL1510c,4,3,1
PFL1515c,0,4,0
PFL1520w,3,5,0
PFL1525c,5,5,2
PFL1535w,0,1,0
PFL1540c,3,3,2
PFL1545c,2,3,1
PFL1550w,5,6,2
PFL1555w,2,4,1
PFL1575w,0,1,0
PFL1585c,0,0,1
PFL1590c,2,3,2
PFL1610c,0,3,0
PFL1620w,0,0,1
PFL1625w,0,0,2
PFL1630c,1,1,2
PFL1635w,1,0,1
PFL1640c,0,1,0
PFL1645w,4,3,0
PFL1650w,0,2,2
PFL1655c,2,0,2
PFL1660c,1,1,1
PFL1665c,0,2,0
PFL1670c,1,4,0
PFL1680w,2,5,1
PFL1685w,0,3,1
PFL1690w,2,1,0
PFL1700c,2,1,2
PFL1705w,0,0,1
PFL1710c,2,3,2
PFL1715w,2,0,2
PFL1720w,3,3,1
PFL1725w,4,6,3
PFL1730c,1,0,2
PFL1735c,3,5,0
PFL1740w,1,5,0
PFL1745c,0,0,1
PFL1750c,0,2,0
PFL1765c,3,0,1
PFL1775c,0,3,1
PFL1780w,6,5,1
PFL1785c,0,1,0
PFL1790w,6,3,1
PFL1795c,0,1,0
PFL1800w,0,4,0
PFL1810w,0,0,2
PFL1815c,0,4,0
PFL1820w,3,5,0
PFL1825w,0,2,0
PFL1830w,2,0,0
PFL1835w,0,4,1
PFL1840w,0,4,0
PFL1845c,0,1,0
PFL1850c,0,3,1
PFL1855w,2,5,1
PFL1865w,0,5,2
PFL1870c,3,0,1
PFL1875w,4,5,2
PFL1880w,4,0,1
PFL1885c,2,1,2
PFL1895w,2,4,1
PFL1900w,4,3,2
PFL1905w,0,3,1
PFL1910c,2,2,2
PFL1915w,3,3,2
PFL1920c,3,3,1
PFL1925w,1,4,2
PFL1930w,0,5,2
PFL1935c,3,2,0
PFL1940w,1,0,1
PFL1945c,0,4,0
PFL1950w,7,4,2
PFL1955w,7,4,2
PFL1960w,7,4,2
PFL1970w,1,2,1
PFL1975c,2,6,0
PFL1980c,0,3,0
PFL1985c,3,2,0
PFL1990c,4,3,1
PFL1995c,0,3,1
PFL2000w,1,5,0
PFL2005w,2,5,2
PFL2010c,2,0,2
PFL2015w,0,4,0
PFL2020c,5,2,1
PFL2025w,2,1,1
PFL2030w,3,3,1
PFL2035c,1,4,0
PFL2040w,4,5,1
PFL2050w,2,0,1
PFL2055w,2,5,1
PFL2060c,1,0,1
PFL2065c,4,5,1
PFL2070w,6,7,2
PFL2075c,0,3,1
PFL2080c,0,2,2
PFL2085w,0,2,1
PFL2090c,2,0,0
PFL2095w,2,0,1
PFL2105c,4,6,0
PFL2110c,2,5,1
PFL2115c,2,4,1
PFL2120w,0,3,0
PFL2125c,4,5,1
PFL2130w,0,4,1
PFL2135c,0,1,0
PFL2140c,0,0,2
PFL2145w,0,3,0
PFL2150c,0,0,1
PFL2155w,0,3,0
PFL2160c,3,0,2
PFL2165w,2,5,2
PFL2175w,2,0,1
PFL2180w,2,6,1
PFL2185w,0,3,0
PFL2190c,5,0,2
PFL2200w,0,3,0
PFL2205w,0,1,0
PFL2210w,3,3,2
PFL2215w,2,5,1
PFL2220w,3,5,1
PFL2225w,0,2,1
PFL2230c,2,0,2
PFL2235w,2,5,0
PFL2240w,3,3,2
PFL2245w,8,7,2
PFL2250c,2,2,2
PFL2260w,0,1,0
PFL2270w,3,6,1
PFL2275c,5,3,2
PFL2280w,2,4,2
PFL2285c,0,1,0
PFL2290w,1,3,1
PFL2295w,3,3,0
PFL2300w,2,5,2
PFL2305w,2,0,1
PFL2310w,2,0,1
PFL2315c,0,2,0
PFL2320w,0,3,0
PFL2325c,0,4,0
PFL2330w,3,7,0
PFL2335w,0,3,0
PFL2340w,0,2,1
PFL2345c,2,3,3
PFL2355w,0,2,0
PFL2365w,2,3,1
PFL2375c,1,3,0
PFL2385c,0,1,2
PFL2390c,0,4,0
PFL2395c,3,4,1
PFL2405c,2,3,0
PFL2410w,0,5,0
PFL2415w,2,0,0
PFL2420w,0,5,2
PFL2425w,1,7,1
PFL2430c,4,3,1
PFL2435w,2,6,0
PFL2440w,4,5,2
PFL2445c,0,2,0
PFL2450c,0,2,0
PFL2455w,0,2,0
PFL2460w,2,2,1
PFL2465c,3,0,2
PFL2470c,0,1,0
PFL2475w,2,3,2
PFL2480w,0,0,1
PFL2485c,3,3,2
PFL2490c,0,1,0
PFL2505c,2,7,1
PFL2510w,1,3,2
PFL2515c,0,2,0
PFL2535w,0,2,0
PFL2540w,0,2,0
PFL2545c,4,0,1
PFL2550w,2,2,1
PFL2555w,0,1,0
PFL2560c,0,3,1
PFL2565w,0,4,2
PFL2570w,4,2,2
PFL2575c,0,3,0
PFL2580w,0,1,0
PFL2585c,7,5,0
PFL2595w,0,1,0
PFL2605w,2,3,0
PFL2610w,6,3,0
PFL2615w,7,5,0
PFL2620w,6,3,0
PFL2625w,7,5,0
PFL2630w,2,3,0
PFL2635w,6,3,0
PFL2640c,7,5,0
PFL2645c,7,5,0
PFL2655w,2,3,0
PFL2660w,7,5,0
PFL2665c,7,4,2
