PFL1295w	GO:0009987	bp
PFL1295w	GO:0044464	cc
PFL1295w	GO:0005488	mf

PF13_0241	GO:0008152	bp
PF13_0241	GO:0044464	cc
PF13_0241	GO:0003824	mf

MAL7P1.93	GO:0009987	bp
MAL7P1.93	GO:0016020	cc
MAL7P1.93	GO:0003824	mf

MAL7P1.130	GO:0009987	bp
MAL7P1.130	GO:0044464	cc
MAL7P1.130	GO:0005488	mf

PF07_0113	GO:0008152	bp
PF07_0113	GO:0044464	cc
PF07_0113	GO:0003824	mf

PF10_0338	GO:0009987	bp
PF10_0338	GO:0016020	cc
PF10_0338	GO:0003824	mf

MAL13P1.7	GO:0009987	bp
MAL13P1.7	GO:0044217	cc
MAL13P1.7	GO:0005488	mf

PF11_0322	GO:0009987	bp
PF11_0322	GO:0044464	cc
PF11_0322	GO:0003824	mf

PF13_0345	GO:0009987	bp
PF13_0345	GO:0044464	cc
PF13_0345	GO:0003824	mf

MAL13P1.365	GO:0009987	bp
MAL13P1.365	GO:0044464	cc
MAL13P1.365	GO:0003824	mf

PFE1173c	GO:0008152	bp
PFE1173c	GO:0044464	cc
PFE1173c	GO:0003824	mf

PF13_0264	GO:0009987	bp
PF13_0264	GO:0016020	cc
PF13_0264	GO:0005488	mf

PF14_0186	GO:0009987	bp
PF14_0186	GO:0044464	cc
PF14_0186	GO:0005488	mf

PF14_0667a	GO:0009987	bp
PF14_0667a	GO:0016020	cc
PF14_0667a	GO:0003824	mf

PFF0515c	GO:0009987	bp
PFF0515c	GO:0044464	cc
PFF0515c	GO:0005488	mf

PFL2090c	GO:0009987	bp
PFL2090c	GO:0044464	cc
PFL2090c	GO:0005488	mf

PFE0455w	GO:0009987	bp
PFE0455w	GO:0044464	cc
PFE0455w	GO:0005488	mf

PF11_0394	GO:0009987	bp
PF11_0394	GO:0044464	cc
PF11_0394	GO:0003824	mf

PFL1775c	GO:0009987	bp
PFL1775c	GO:0044464	cc
PFL1775c	GO:0003824	mf

PF14_0376	GO:0009987	bp
PF14_0376	GO:0044464	cc
PF14_0376	GO:0005488	mf

PFB0865w	GO:0009987	bp
PFB0865w	GO:0044464	cc
PFB0865w	GO:0003824	mf

PFL2375c	GO:0008152	bp
PFL2375c	GO:0044464	cc
PFL2375c	GO:0003824	mf

PFI0950w	GO:0009987	bp
PFI0950w	GO:0044464	cc
PFI0950w	GO:0005488	mf

PF14_0606	GO:0009987	bp
PF14_0606	GO:0044464	cc
PF14_0606	GO:0003824	mf

PFB0161c	GO:0009987	bp
PFB0161c	GO:0044464	cc
PFB0161c	GO:0003824	mf

PF14_0500	GO:0009987	bp
PF14_0500	GO:0044464	cc
PF14_0500	GO:0003824	mf

PFE0915c	GO:0009987	bp
PFE0915c	GO:0044464	cc
PFE0915c	GO:0005488	mf

MAL7P1.228	GO:0051704	bp
MAL7P1.228	GO:0044217	cc
MAL7P1.228	GO:0005488	mf

MAL13P1.124	GO:0009987	bp
MAL13P1.124	GO:0044464	cc
MAL13P1.124	GO:0003824	mf

PFI1240c	GO:0008152	bp
PFI1240c	GO:0044464	cc
PFI1240c	GO:0003824	mf

PF13_0131	GO:0009987	bp
PF13_0131	GO:0044464	cc
PF13_0131	GO:0003824	mf

PFA0540c	GO:0008152	bp
PFA0540c	GO:0044464	cc
PFA0540c	GO:0003824	mf

PFI1275w	GO:0008152	bp
PFI1275w	GO:0044464	cc
PFI1275w	GO:0003824	mf

MAL8P1.300	GO:0009987	bp
MAL8P1.300	GO:0044464	cc
MAL8P1.300	GO:0003824	mf

PF14_0105	GO:0009987	bp
PF14_0105	GO:0044464	cc
PF14_0105	GO:0003824	mf

PFL2425w	GO:0008152	bp
PFL2425w	GO:0044464	cc
PFL2425w	GO:0003824	mf

PFA0540c	GO:0009987	bp
PFA0540c	GO:0044464	cc
PFA0540c	GO:0005488	mf

PF11_0324	GO:0009987	bp
PF11_0324	GO:0044464	cc
PF11_0324	GO:0003824	mf

PF11_0074	GO:0008152	bp
PF11_0074	GO:0044464	cc
PF11_0074	GO:0003824	mf

PF14_0667a	GO:0009987	bp
PF14_0667a	GO:0044464	cc
PF14_0667a	GO:0003824	mf

PFI0405w	GO:0044699	bp
PFI0405w	GO:0044464	cc
PFI0405w	GO:0005488	mf

PFD0465c	GO:0009987	bp
PFD0465c	GO:0044464	cc
PFD0465c	GO:0003824	mf

PFI0660c	GO:0009987	bp
PFI0660c	GO:0044464	cc
PFI0660c	GO:0003824	mf

MAL8P1.200	GO:0009987	bp
MAL8P1.200	GO:0016020	cc
MAL8P1.200	GO:0003824	mf

PFL2375c	GO:0009987	bp
PFL2375c	GO:0044464	cc
PFL2375c	GO:0005488	mf

MAL8P1.34	GO:0008152	bp
MAL8P1.34	GO:0044464	cc
MAL8P1.34	GO:0003824	mf

PFC0911c	GO:0008152	bp
PFC0911c	GO:0044464	cc
PFC0911c	GO:0003824	mf

PF10_0112	GO:0009987	bp
PF10_0112	GO:0044464	cc
PF10_0112	GO:0005488	mf

PF10_0027	GO:0009987	bp
PF10_0027	GO:0044464	cc
PF10_0027	GO:0005488	mf

PFC1065w	GO:0009987	bp
PFC1065w	GO:0044464	cc
PFC1065w	GO:0003824	mf

PFL2185w	GO:0009987	bp
PFL2185w	GO:0044464	cc
PFL2185w	GO:0005488	mf

PFC1035w	GO:0009987	bp
PFC1035w	GO:0044464	cc
PFC1035w	GO:0005488	mf

PFA0195w	GO:0009987	bp
PFA0195w	GO:0044464	cc
PFA0195w	GO:0005488	mf

PF11_0121	GO:0009987	bp
PF11_0121	GO:0044464	cc
PF11_0121	GO:0003824	mf

MAL8P1.102	GO:0009987	bp
MAL8P1.102	GO:0044464	cc
MAL8P1.102	GO:0005488	mf

PF14_0531	GO:0009987	bp
PF14_0531	GO:0044464	cc
PF14_0531	GO:0003824	mf

PFL0255c	GO:0009987	bp
PFL0255c	GO:0044464	cc
PFL0255c	GO:0003824	mf

PFL0120c	GO:0009987	bp
PFL0120c	GO:0044464	cc
PFL0120c	GO:0003824	mf

PFD0685c	GO:0008152	bp
PFD0685c	GO:0044464	cc
PFD0685c	GO:0003824	mf

PF14_0332	GO:0009987	bp
PF14_0332	GO:0044464	cc
PF14_0332	GO:0003824	mf

PF14_0225	GO:0009987	bp
PF14_0225	GO:0044464	cc
PF14_0225	GO:0005488	mf

PF08_0009	GO:0009987	bp
PF08_0009	GO:0044464	cc
PF08_0009	GO:0003824	mf

PFC0145c	GO:0009987	bp
PFC0145c	GO:0044464	cc
PFC0145c	GO:0003824	mf

PFE1075c	GO:0009987	bp
PFE1075c	GO:0044464	cc
PFE1075c	GO:0003824	mf

PFF0365c	GO:0008152	bp
PFF0365c	GO:0044464	cc
PFF0365c	GO:0003824	mf

PFC0506w	GO:0009987	bp
PFC0506w	GO:0044464	cc
PFC0506w	GO:0003824	mf

MAL13P1.248	GO:0009987	bp
MAL13P1.248	GO:0044464	cc
MAL13P1.248	GO:0003824	mf

PF14_0606	GO:0008152	bp
PF14_0606	GO:0044464	cc
PF14_0606	GO:0003824	mf

MAL8P1.79	GO:0009987	bp
MAL8P1.79	GO:0044464	cc
MAL8P1.79	GO:0003824	mf

PFC0765c	GO:0009987	bp
PFC0765c	GO:0044464	cc
PFC0765c	GO:0003824	mf

MAL13P1.179	GO:0009987	bp
MAL13P1.179	GO:0044464	cc
MAL13P1.179	GO:0005488	mf

PF14_0815	GO:0009987	bp
PF14_0815	GO:0016020	cc
PF14_0815	GO:0003824	mf

PFB0820c	GO:0009987	bp
PFB0820c	GO:0044464	cc
PFB0820c	GO:0003824	mf

PFB0890c	GO:0009987	bp
PFB0890c	GO:0044464	cc
PFB0890c	GO:0005488	mf

PFL1420w	GO:0009987	bp
PFL1420w	GO:0016020	cc
PFL1420w	GO:0003824	mf

PFE1395c	GO:0009987	bp
PFE1395c	GO:0016020	cc
PFE1395c	GO:0003824	mf

PFD0367w	GO:0009987	bp
PFD0367w	GO:0044464	cc
PFD0367w	GO:0003824	mf

MAL13P1.134	GO:0008152	bp
MAL13P1.134	GO:0044464	cc
MAL13P1.134	GO:0003824	mf

MAL13P1.128	GO:0009987	bp
MAL13P1.128	GO:0044464	cc
MAL13P1.128	GO:0003824	mf

PFL1250c	GO:0009987	bp
PFL1250c	GO:0044464	cc
PFL1250c	GO:0003824	mf

MAL13P1.40	GO:0009987	bp
MAL13P1.40	GO:0044464	cc
MAL13P1.40	GO:0005488	mf

PFA0590w	GO:0009987	bp
PFA0590w	GO:0044464	cc
PFA0590w	GO:0005488	mf

PF14_0167	GO:0009987	bp
PF14_0167	GO:0044464	cc
PF14_0167	GO:0003824	mf

PFC0371w	GO:0009987	bp
PFC0371w	GO:0044464	cc
PFC0371w	GO:0003824	mf

PF14_0301	GO:0009987	bp
PF14_0301	GO:0044464	cc
PF14_0301	GO:0003824	mf

PFE0075c	GO:0009987	bp
PFE0075c	GO:0044464	cc
PFE0075c	GO:0005488	mf

PFC0780w	GO:0009987	bp
PFC0780w	GO:0044464	cc
PFC0780w	GO:0005488	mf

MAL7P1.27	GO:0009987	bp
MAL7P1.27	GO:0016020	cc
MAL7P1.27	GO:0005488	mf

PFC0886w	GO:0009987	bp
PFC0886w	GO:0044464	cc
PFC0886w	GO:0003824	mf

PF11_0324	GO:0009987	bp
PF11_0324	GO:0044464	cc
PF11_0324	GO:0003824	mf

MAL13P1.251	GO:0009987	bp
MAL13P1.251	GO:0044464	cc
MAL13P1.251	GO:0005488	mf

PF11_0303	GO:0009987	bp
PF11_0303	GO:0044464	cc
PF11_0303	GO:0003824	mf

PFA0290w	GO:0009987	bp
PFA0290w	GO:0044464	cc
PFA0290w	GO:0003824	mf

PF14_0248	GO:0009987	bp
PF14_0248	GO:0044464	cc
PF14_0248	GO:0005488	mf

PFI1468c	GO:0009987	bp
PFI1468c	GO:0044464	cc
PFI1468c	GO:0003824	mf

PF11_0295	GO:0009987	bp
PF11_0295	GO:0044464	cc
PF11_0295	GO:0005488	mf

PF13_0242	GO:0009987	bp
PF13_0242	GO:0044464	cc
PF13_0242	GO:0003824	mf

PF11_0316	GO:0009987	bp
PF11_0316	GO:0044464	cc
PF11_0316	GO:0005488	mf

PF11_0414	GO:0009987	bp
PF11_0414	GO:0044464	cc
PF11_0414	GO:0005488	mf

PFC0880c	GO:0008152	bp
PFC0880c	GO:0044464	cc
PFC0880c	GO:0003824	mf

MAL7P1.132	GO:0008152	bp
MAL7P1.132	GO:0016020	cc
MAL7P1.132	GO:0003824	mf

PFC0630w	GO:0009987	bp
PFC0630w	GO:0044464	cc
PFC0630w	GO:0005488	mf

MAL7P1.93	GO:0071840	bp
MAL7P1.93	GO:0044464	cc
MAL7P1.93	GO:0005488	mf

PFE1060c	GO:0009987	bp
PFE1060c	GO:0044464	cc
PFE1060c	GO:0005488	mf

PF14_0138	GO:0008152	bp
PF14_0138	GO:0044464	cc
PF14_0138	GO:0003824	mf

PFB0585w	GO:0009987	bp
PFB0585w	GO:0044464	cc
PFB0585w	GO:0005488	mf

MAL8P1.113	GO:0008152	bp
MAL8P1.113	GO:0044464	cc
MAL8P1.113	GO:0003824	mf

PF14_0597	GO:0009987	bp
PF14_0597	GO:0044464	cc
PF14_0597	GO:0003824	mf

PFF0645c	GO:0009987	bp
PFF0645c	GO:0044464	cc
PFF0645c	GO:0003824	mf

PF14_0475	GO:0009987	bp
PF14_0475	GO:0044464	cc
PF14_0475	GO:0003824	mf

PFL0490c	GO:0009987	bp
PFL0490c	GO:0044464	cc
PFL0490c	GO:0003824	mf

MAL13P1.319	GO:0009987	bp
MAL13P1.319	GO:0016020	cc
MAL13P1.319	GO:0003824	mf

MAL13P1.7	GO:0009987	bp
MAL13P1.7	GO:0044217	cc
MAL13P1.7	GO:0005488	mf

PFE0150c	GO:0008152	bp
PFE0150c	GO:0044464	cc
PFE0150c	GO:0003824	mf

PF07_0129	GO:0008152	bp
PF07_0129	GO:0044464	cc
PF07_0129	GO:0003824	mf

PFI0220w	GO:0009987	bp
PFI0220w	GO:0044464	cc
PFI0220w	GO:0005488	mf

PF14_0462	GO:0008152	bp
PF14_0462	GO:0044464	cc
PF14_0462	GO:0003824	mf

PFI0610w	GO:0009987	bp
PFI0610w	GO:0016020	cc
PFI0610w	GO:0005488	mf

PFL0495c	GO:0008152	bp
PFL0495c	GO:0044464	cc
PFL0495c	GO:0003824	mf

PFC0580c	GO:0009987	bp
PFC0580c	GO:0044464	cc
PFC0580c	GO:0003824	mf

PF11_0114	GO:0009987	bp
PF11_0114	GO:0044464	cc
PF11_0114	GO:0003824	mf

PF11_0324	GO:0009987	bp
PF11_0324	GO:0044464	cc
PF11_0324	GO:0003824	mf

PFL0710w	GO:0009987	bp
PFL0710w	GO:0044464	cc
PFL0710w	GO:0005488	mf

PFE0195w	GO:0009987	bp
PFE0195w	GO:0044464	cc
PFE0195w	GO:0003824	mf

PFC0416w	GO:0009987	bp
PFC0416w	GO:0016020	cc
PFC0416w	GO:0003824	mf

PF14_0506	GO:0009987	bp
PF14_0506	GO:0044464	cc
PF14_0506	GO:0003824	mf

MAL7P1.132	GO:0009987	bp
MAL7P1.132	GO:0044464	cc
MAL7P1.132	GO:0003824	mf

MAL7P1.32	GO:0044699	bp
MAL7P1.32	GO:0044464	cc
MAL7P1.32	GO:0003824	mf

PFE0455w	GO:0009987	bp
PFE0455w	GO:0044464	cc
PFE0455w	GO:0005488	mf

PF10_0233	GO:0009987	bp
PF10_0233	GO:0044464	cc
PF10_0233	GO:0003824	mf

MAL13P1.23-b	GO:0009987	bp
MAL13P1.23-b	GO:0044464	cc
MAL13P1.23-b	GO:0003824	mf

PF08_0007	GO:0008152	bp
PF08_0007	GO:0044464	cc
PF08_0007	GO:0003824	mf

PF10_0173	GO:0009987	bp
PF10_0173	GO:0044464	cc
PF10_0173	GO:0005488	mf

PF11_0127	GO:0008152	bp
PF11_0127	GO:0044464	cc
PF11_0127	GO:0003824	mf

PFD0335c	GO:0009987	bp
PFD0335c	GO:0044464	cc
PFD0335c	GO:0003824	mf

PFB0220w	GO:0009987	bp
PFB0220w	GO:0044464	cc
PFB0220w	GO:0003824	mf

MAL7P1.155	GO:0008152	bp
MAL7P1.155	GO:0044464	cc
MAL7P1.155	GO:0003824	mf

PF13_0336	GO:0071840	bp
PF13_0336	GO:0044464	cc
PF13_0336	GO:0003824	mf

PFE1175w	GO:0009987	bp
PFE1175w	GO:0044464	cc
PFE1175w	GO:0003824	mf

PFI0525w	GO:0009987	bp
PFI0525w	GO:0044464	cc
PFI0525w	GO:0005488	mf

PF10_0147	GO:0009987	bp
PF10_0147	GO:0044464	cc
PF10_0147	GO:0003824	mf

PF14_0426	GO:0008152	bp
PF14_0426	GO:0044464	cc
PF14_0426	GO:0003824	mf

PF10_0221	GO:0008152	bp
PF10_0221	GO:0044464	cc
PF10_0221	GO:0003824	mf

PFA0185w	GO:0009987	bp
PFA0185w	GO:0044464	cc
PFA0185w	GO:0005488	mf

PF07_0109a	GO:0009987	bp
PF07_0109a	GO:0044464	cc
PF07_0109a	GO:0005488	mf

PFL2465c	GO:0009987	bp
PFL2465c	GO:0016020	cc
PFL2465c	GO:0003824	mf

PFC0911c	GO:0008152	bp
PFC0911c	GO:0044464	cc
PFC0911c	GO:0003824	mf

PF08_0084	GO:0008152	bp
PF08_0084	GO:0044464	cc
PF08_0084	GO:0003824	mf

PF13_0176	GO:0009987	bp
PF13_0176	GO:0044464	cc
PF13_0176	GO:0003824	mf

MAL13P1.111	GO:0009987	bp
MAL13P1.111	GO:0044464	cc
MAL13P1.111	GO:0003824	mf

PFI0535w	GO:0009987	bp
PFI0535w	GO:0044464	cc
PFI0535w	GO:0003824	mf

PFL1245w	GO:0009987	bp
PFL1245w	GO:0044464	cc
PFL1245w	GO:0005488	mf

MAL8P1.50	GO:0009987	bp
MAL8P1.50	GO:0044464	cc
MAL8P1.50	GO:0003824	mf

PF14_0697	GO:0009987	bp
PF14_0697	GO:0044464	cc
PF14_0697	GO:0003824	mf

PFE1315w	GO:0009987	bp
PFE1315w	GO:0044464	cc
PFE1315w	GO:0003824	mf

PFB0735c	GO:0009987	bp
PFB0735c	GO:0044464	cc
PFB0735c	GO:0005488	mf

PF11_0074	GO:0008152	bp
PF11_0074	GO:0044464	cc
PF11_0074	GO:0003824	mf

PFB0732c	GO:0009987	bp
PFB0732c	GO:0016020	cc
PFB0732c	GO:0005488	mf

PF14_0396	GO:0009987	bp
PF14_0396	GO:0044464	cc
PF14_0396	GO:0003824	mf

PF14_0298	GO:0009987	bp
PF14_0298	GO:0044464	cc
PF14_0298	GO:0005488	mf

PF08_0067	GO:0009987	bp
PF08_0067	GO:0044464	cc
PF08_0067	GO:0003824	mf

PFD0600c	GO:0009987	bp
PFD0600c	GO:0044464	cc
PFD0600c	GO:0005488	mf

PFC1011c	GO:0009987	bp
PFC1011c	GO:0044464	cc
PFC1011c	GO:0003824	mf

MAL8P1.300	GO:0009987	bp
MAL8P1.300	GO:0044464	cc
MAL8P1.300	GO:0003824	mf

PF14_0062	GO:0009987	bp
PF14_0062	GO:0044464	cc
PF14_0062	GO:0005488	mf

PFE1535w	GO:0009987	bp
PFE1535w	GO:0044464	cc
PFE1535w	GO:0003824	mf

PF11_0457	GO:0009987	bp
PF11_0457	GO:0044464	cc
PF11_0457	GO:0005488	mf

PF07_0095	GO:0051179	bp
PF07_0095	GO:0044464	cc
PF07_0095	GO:0005488	mf

PFE0110w	GO:0009987	bp
PFE0110w	GO:0044464	cc
PFE0110w	GO:0003824	mf

PF14_0448	GO:0009987	bp
PF14_0448	GO:0044464	cc
PF14_0448	GO:0005488	mf

PF14_0783	GO:0009987	bp
PF14_0783	GO:0044464	cc
PF14_0783	GO:0005488	mf

PFC0262c	GO:0009987	bp
PFC0262c	GO:0044464	cc
PFC0262c	GO:0005488	mf

MAL13P1.117	GO:0009987	bp
MAL13P1.117	GO:0044464	cc
MAL13P1.117	GO:0003824	mf

PFL1655c	GO:0009987	bp
PFL1655c	GO:0044464	cc
PFL1655c	GO:0005488	mf

PFE0880c	GO:0009987	bp
PFE0880c	GO:0044464	cc
PFE0880c	GO:0005488	mf

PF14_0590	GO:0009987	bp
PF14_0590	GO:0044464	cc
PF14_0590	GO:0005488	mf

PFC0470w	GO:0009987	bp
PFC0470w	GO:0044464	cc
PFC0470w	GO:0005488	mf

PF11_0125	GO:0009987	bp
PF11_0125	GO:0016020	cc
PF11_0125	GO:0003824	mf

PF13_0148	GO:0009987	bp
PF13_0148	GO:0044464	cc
PF13_0148	GO:0003824	mf

PF14_0548	GO:0009987	bp
PF14_0548	GO:0044464	cc
PF14_0548	GO:0003824	mf

PFL0720w	GO:0009987	bp
PFL0720w	GO:0044464	cc
PFL0720w	GO:0003824	mf

PFF0135w	GO:0009987	bp
PFF0135w	GO:0016020	cc
PFF0135w	GO:0005488	mf

PF10_0376	GO:0009987	bp
PF10_0376	GO:0044464	cc
PF10_0376	GO:0003824	mf

PF14_0475	GO:0009987	bp
PF14_0475	GO:0044464	cc
PF14_0475	GO:0005488	mf

PFE1510c	GO:0008152	bp
PFE1510c	GO:0044464	cc
PFE1510c	GO:0003824	mf

PF07_0113	GO:0009987	bp
PF07_0113	GO:0044464	cc
PF07_0113	GO:0005488	mf

PFB0725c	GO:0008152	bp
PFB0725c	GO:0044464	cc
PFB0725c	GO:0003824	mf

PF14_0049	GO:0009987	bp
PF14_0049	GO:0044464	cc
PF14_0049	GO:0005488	mf

PF13_0353	GO:0009987	bp
PF13_0353	GO:0016020	cc
PF13_0353	GO:0005488	mf

PF14_0582	GO:0009987	bp
PF14_0582	GO:0044464	cc
PF14_0582	GO:0005488	mf

MAL7P1.79	GO:0008152	bp
MAL7P1.79	GO:0016020	cc
MAL7P1.79	GO:0003824	mf

PFC0520w	GO:0009987	bp
PFC0520w	GO:0016020	cc
PFC0520w	GO:0003824	mf

PF13_0359	GO:0009987	bp
PF13_0359	GO:0044464	cc
PF13_0359	GO:0003824	mf

PF14_0270	GO:0008152	bp
PF14_0270	GO:0044464	cc
PF14_0270	GO:0003824	mf

MAL7P1.10	GO:0051179	bp
MAL7P1.10	GO:0044464	cc
MAL7P1.10	GO:0003824	mf

PF11_0394	GO:0008152	bp
PF11_0394	GO:0044464	cc
PF11_0394	GO:0003824	mf

PF11_0145	GO:0009987	bp
PF11_0145	GO:0044464	cc
PF11_0145	GO:0005488	mf

PF10_0343	GO:0051704	bp
PF10_0343	GO:0044217	cc
PF10_0343	GO:0005488	mf

PF10_0053	GO:0008152	bp
PF10_0053	GO:0044464	cc
PF10_0053	GO:0003824	mf

PF14_0378	GO:0009987	bp
PF14_0378	GO:0044464	cc
PF14_0378	GO:0005488	mf

PFC0575w	GO:0008152	bp
PFC0575w	GO:0044464	cc
PFC0575w	GO:0003824	mf

PFL2375c	GO:0050896	bp
PFL2375c	GO:0044464	cc
PFL2375c	GO:0005488	mf

PFL1005c	GO:0009987	bp
PFL1005c	GO:0044464	cc
PFL1005c	GO:0005488	mf

PF14_0582	GO:0009987	bp
PF14_0582	GO:0016020	cc
PF14_0582	GO:0003824	mf

MAL8P1.47	GO:0051179	bp
MAL8P1.47	GO:0016020	cc
MAL8P1.47	GO:0005488	mf

PFF1377w	GO:0051179	bp
PFF1377w	GO:0016020	cc
PFF1377w	GO:0003824	mf

PFB0732c	GO:0009987	bp
PFB0732c	GO:0016020	cc
PFB0732c	GO:0003824	mf

PF14_0667a	GO:0008152	bp
PF14_0667a	GO:0016020	cc
PF14_0667a	GO:0003824	mf

PF07_0113	GO:0008152	bp
PF07_0113	GO:0044464	cc
PF07_0113	GO:0003824	mf

PF13_0054	GO:0009987	bp
PF13_0054	GO:0044464	cc
PF13_0054	GO:0003824	mf

PF10_0070	GO:0008152	bp
PF10_0070	GO:0044464	cc
PF10_0070	GO:0005488	mf

PF11_0368	GO:0009987	bp
PF11_0368	GO:0016020	cc
PF11_0368	GO:0005488	mf

PFE1175w	GO:0009987	bp
PFE1175w	GO:0044464	cc
PFE1175w	GO:0003824	mf

PFI0480w	GO:0008152	bp
PFI0480w	GO:0044464	cc
PFI0480w	GO:0005488	mf

PF11_0117	GO:0009987	bp
PF11_0117	GO:0016020	cc
PF11_0117	GO:0003824	mf

PFA0565c	GO:0009987	bp
PFA0565c	GO:0044464	cc
PFA0565c	GO:0003824	mf

PF13_0086	GO:0009987	bp
PF13_0086	GO:0016020	cc
PF13_0086	GO:0005215	mf

PF13_0182	GO:0009987	bp
PF13_0182	GO:0044464	cc
PF13_0182	GO:0005488	mf

PF11_0306	GO:0009987	bp
PF11_0306	GO:0044464	cc
PF11_0306	GO:0003824	mf

PFB0890c	GO:0009987	bp
PFB0890c	GO:0044464	cc
PFB0890c	GO:0003824	mf

PF13_0086	GO:0009987	bp
PF13_0086	GO:0016020	cc
PF13_0086	GO:0003824	mf

PF14_0815	GO:0009987	bp
PF14_0815	GO:0044464	cc
PF14_0815	GO:0003824	mf

PF11_0479	GO:0009987	bp
PF11_0479	GO:0044464	cc
PF11_0479	GO:0003824	mf

PF10_0197	GO:0009987	bp
PF10_0197	GO:0044464	cc
PF10_0197	GO:0003824	mf

PFF1490w	GO:0009987	bp
PFF1490w	GO:0044464	cc
PFF1490w	GO:0003824	mf

PFL0920c	GO:0009987	bp
PFL0920c	GO:0044464	cc
PFL0920c	GO:0003824	mf

PF10_0032	GO:0009987	bp
PF10_0032	GO:0044464	cc
PF10_0032	GO:0003824	mf

PF14_0027	GO:0009987	bp
PF14_0027	GO:0044464	cc
PF14_0027	GO:0005488	mf

MAL13P1.35	GO:0009987	bp
MAL13P1.35	GO:0044464	cc
MAL13P1.35	GO:0003824	mf

PF13_0336	GO:0009987	bp
PF13_0336	GO:0044464	cc
PF13_0336	GO:0005488	mf

PFE0920c	GO:0009987	bp
PFE0920c	GO:0044464	cc
PFE0920c	GO:0005488	mf

MAL8P1.91	GO:0008152	bp
MAL8P1.91	GO:0044464	cc
MAL8P1.91	GO:0003824	mf

MAL13P1.182	GO:0009987	bp
MAL13P1.182	GO:0044464	cc
MAL13P1.182	GO:0005488	mf

MAL8P1.101	GO:0009987	bp
MAL8P1.101	GO:0044464	cc
MAL8P1.101	GO:0003824	mf

MAL13P1.212	GO:0044699	bp
MAL13P1.212	GO:0016020	cc
MAL13P1.212	GO:0005488	mf

PF14_0038	GO:0009987	bp
PF14_0038	GO:0044464	cc
PF14_0038	GO:0005488	mf

MAL7P1.202	GO:0009987	bp
MAL7P1.202	GO:0044464	cc
MAL7P1.202	GO:0003824	mf

PF14_0467	GO:0050896	bp
PF14_0467	GO:0044464	cc
PF14_0467	GO:0005488	mf

PFF0455w	GO:0008152	bp
PFF0455w	GO:0044464	cc
PFF0455w	GO:0003824	mf

PF10_0161a	GO:0009987	bp
PF10_0161a	GO:0044464	cc
PF10_0161a	GO:0003824	mf

PF11_0117	GO:0008152	bp
PF11_0117	GO:0044464	cc
PF11_0117	GO:0005488	mf

PF14_0186	GO:0009987	bp
PF14_0186	GO:0032991	cc
PF14_0186	GO:0005488	mf

PFA0260c	GO:0009987	bp
PFA0260c	GO:0016020	cc
PFA0260c	GO:0005488	mf

MAL8P1.130	GO:0009987	bp
MAL8P1.130	GO:0044464	cc
MAL8P1.130	GO:0003824	mf

MAL13P1.247	GO:0009987	bp
MAL13P1.247	GO:0044464	cc
MAL13P1.247	GO:0005488	mf

MAL13P1.7	GO:0009987	bp
MAL13P1.7	GO:0044217	cc
MAL13P1.7	GO:0005488	mf

PF14_0094	GO:0009987	bp
PF14_0094	GO:0044464	cc
PF14_0094	GO:0005488	mf

PFI1550c	GO:0009987	bp
PFI1550c	GO:0044464	cc
PFI1550c	GO:0005488	mf

PFL0045c	GO:0009987	bp
PFL0045c	GO:0044464	cc
PFL0045c	GO:0005488	mf

PFA0590w	GO:0009987	bp
PFA0590w	GO:0044464	cc
PFA0590w	GO:0005488	mf

PF14_0718	GO:0009987	bp
PF14_0718	GO:0044464	cc
PF14_0718	GO:0003824	mf

PFI0665w	GO:0009987	bp
PFI0665w	GO:0016020	cc
PFI0665w	GO:0003824	mf

PF13_0209	GO:0008152	bp
PF13_0209	GO:0044464	cc
PF13_0209	GO:0005488	mf

PFF0210w	GO:0009987	bp
PFF0210w	GO:0044464	cc
PFF0210w	GO:0005488	mf

PF10_0127	GO:0008152	bp
PF10_0127	GO:0044464	cc
PF10_0127	GO:0005488	mf

PF11_0355	GO:0008152	bp
PF11_0355	GO:0044464	cc
PF11_0355	GO:0005488	mf

MAL7P1.207	GO:0009987	bp
MAL7P1.207	GO:0044464	cc
MAL7P1.207	GO:0005488	mf

PFI0655c	GO:0008152	bp
PFI0655c	GO:0044464	cc
PFI0655c	GO:0005488	mf

PFL1135c	GO:0009987	bp
PFL1135c	GO:0044464	cc
PFL1135c	GO:0005488	mf

PFE1530c	GO:0008152	bp
PFE1530c	GO:0044464	cc
PFE1530c	GO:0003824	mf

PFC0315c	GO:0009987	bp
PFC0315c	GO:0044464	cc
PFC0315c	GO:0005488	mf

PF11_0466	GO:0009987	bp
PF11_0466	GO:0044464	cc
PF11_0466	GO:0003824	mf

PF08_0006	GO:0009987	bp
PF08_0006	GO:0044464	cc
PF08_0006	GO:0003824	mf

MAL13P1.29	GO:0009987	bp
MAL13P1.29	GO:0044464	cc
MAL13P1.29	GO:0003824	mf

PF08_0046	GO:0009987	bp
PF08_0046	GO:0044464	cc
PF08_0046	GO:0003824	mf

MAL7P1.107	GO:0009987	bp
MAL7P1.107	GO:0044464	cc
MAL7P1.107	GO:0005488	mf

PF13_0061	GO:0009987	bp
PF13_0061	GO:0044464	cc
PF13_0061	GO:0005488	mf

MAL8P1.200	GO:0009987	bp
MAL8P1.200	GO:0032991	cc
MAL8P1.200	GO:0003824	mf

PF13_0131	GO:0008152	bp
PF13_0131	GO:0044464	cc
PF13_0131	GO:0003824	mf

MAL7P1.159	GO:0009987	bp
MAL7P1.159	GO:0044464	cc
MAL7P1.159	GO:0005488	mf

MAL7P1.77	GO:0009987	bp
MAL7P1.77	GO:0044464	cc
MAL7P1.77	GO:0005488	mf

MAL13P1.77	GO:0009987	bp
MAL13P1.77	GO:0044464	cc
MAL13P1.77	GO:0005488	mf

PF11_0050	GO:0008152	bp
PF11_0050	GO:0044464	cc
PF11_0050	GO:0003824	mf

PF14_0349	GO:0009987	bp
PF14_0349	GO:0044464	cc
PF14_0349	GO:0003824	mf

PF14_0260	GO:0009987	bp
PF14_0260	GO:0044464	cc
PF14_0260	GO:0003824	mf

PF11_0239	GO:0009987	bp
PF11_0239	GO:0044464	cc
PF11_0239	GO:0003824	mf

MAL7P1.27	GO:0009987	bp
MAL7P1.27	GO:0044464	cc
MAL7P1.27	GO:0003824	mf

PFA0565c	GO:0009987	bp
PFA0565c	GO:0044464	cc
PFA0565c	GO:0005488	mf

MAL13P1.161	GO:0009987	bp
MAL13P1.161	GO:0044464	cc
MAL13P1.161	GO:0003824	mf

PFD0225w	GO:0009987	bp
PFD0225w	GO:0044464	cc
PFD0225w	GO:0005488	mf

MAL7P1.130	GO:0044699	bp
MAL7P1.130	GO:0044464	cc
MAL7P1.130	GO:0003824	mf

PFE1370w	GO:0009987	bp
PFE1370w	GO:0044464	cc
PFE1370w	GO:0005198	mf

PF14_0054	GO:0009987	bp
PF14_0054	GO:0016020	cc
PF14_0054	GO:0003824	mf

PF14_0398	GO:0009987	bp
PF14_0398	GO:0044464	cc
PF14_0398	GO:0003824	mf

PF10_0084	GO:0009987	bp
PF10_0084	GO:0044464	cc
PF10_0084	GO:0003824	mf

PFD0345c	GO:0009987	bp
PFD0345c	GO:0044464	cc
PFD0345c	GO:0005488	mf

PFL1040w	GO:0009987	bp
PFL1040w	GO:0044464	cc
PFL1040w	GO:0003824	mf

MAL7P1.75	GO:0008152	bp
MAL7P1.75	GO:0044464	cc
MAL7P1.75	GO:0005488	mf

PF07_0105	GO:0009987	bp
PF07_0105	GO:0044464	cc
PF07_0105	GO:0003824	mf

PFL2120w	GO:0009987	bp
PFL2120w	GO:0044464	cc
PFL2120w	GO:0005488	mf

PFI0890c	GO:0009987	bp
PFI0890c	GO:0016020	cc
PFI0890c	GO:0003824	mf

PF13_0330	GO:0009987	bp
PF13_0330	GO:0044464	cc
PF13_0330	GO:0005488	mf

PF14_0255	GO:0009987	bp
PF14_0255	GO:0044464	cc
PF14_0255	GO:0003824	mf

PF14_0381	GO:0009987	bp
PF14_0381	GO:0044464	cc
PF14_0381	GO:0003824	mf

PF13_0280	GO:0009987	bp
PF13_0280	GO:0044464	cc
PF13_0280	GO:0003824	mf

MAL7P1.32	GO:0009987	bp
MAL7P1.32	GO:0044464	cc
MAL7P1.32	GO:0005488	mf

PF14_0657	GO:0009987	bp
PF14_0657	GO:0044464	cc
PF14_0657	GO:0005488	mf

MAL8P1.200	GO:0009987	bp
MAL8P1.200	GO:0044464	cc
MAL8P1.200	GO:0003824	mf

PFC0710w-a	GO:0009987	bp
PFC0710w-a	GO:0044464	cc
PFC0710w-a	GO:0005488	mf

MAL13P1.319	GO:0009987	bp
MAL13P1.319	GO:0044464	cc
MAL13P1.319	GO:0003824	mf

PF10_0324	GO:0009987	bp
PF10_0324	GO:0044464	cc
PF10_0324	GO:0005488	mf

PFC0912w	GO:0009987	bp
PFC0912w	GO:0044464	cc
PFC0912w	GO:0003824	mf

PFD0750w	GO:0009987	bp
PFD0750w	GO:0044464	cc
PFD0750w	GO:0003824	mf

PFL0745c	GO:0008152	bp
PFL0745c	GO:0044464	cc
PFL0745c	GO:0003824	mf

MAL7P1.158	GO:0009987	bp
MAL7P1.158	GO:0016020	cc
MAL7P1.158	GO:0005215	mf

PF13_0199	GO:0008152	bp
PF13_0199	GO:0044464	cc
PF13_0199	GO:0003824	mf

MAL13P1.62	GO:0044699	bp
MAL13P1.62	GO:0044464	cc
MAL13P1.62	GO:0003824	mf

PF08_0037	GO:0051179	bp
PF08_0037	GO:0044464	cc
PF08_0037	GO:0003824	mf

PFL2505c	GO:0009987	bp
PFL2505c	GO:0016020	cc
PFL2505c	GO:0005488	mf

PF14_0178	GO:0009987	bp
PF14_0178	GO:0044464	cc
PF14_0178	GO:0003824	mf

PFE0755c	GO:0009987	bp
PFE0755c	GO:0044464	cc
PFE0755c	GO:0005488	mf

PF14_0635	GO:0009987	bp
PF14_0635	GO:0044464	cc
PF14_0635	GO:0003824	mf

PF11_0073	GO:0008152	bp
PF11_0073	GO:0044464	cc
PF11_0073	GO:0005488	mf

MAL8P1.27	GO:0009987	bp
MAL8P1.27	GO:0044464	cc
MAL8P1.27	GO:0003824	mf

PF14_0034	GO:0009987	bp
PF14_0034	GO:0043226	cc
PF14_0034	GO:0003824	mf

MAL13P1.200	GO:0009987	bp
MAL13P1.200	GO:0044464	cc
MAL13P1.200	GO:0005488	mf

PFB0460c	GO:0009987	bp
PFB0460c	GO:0044464	cc
PFB0460c	GO:0003824	mf

PFL1765c	GO:0009987	bp
PFL1765c	GO:0044464	cc
PFL1765c	GO:0005488	mf

PF07_0100	GO:0009987	bp
PF07_0100	GO:0044464	cc
PF07_0100	GO:0003824	mf

PFE1130w	GO:0009987	bp
PFE1130w	GO:0044464	cc
PFE1130w	GO:0003824	mf

PFF1460c	GO:0009987	bp
PFF1460c	GO:0044464	cc
PFF1460c	GO:0003824	mf

PF08_0038	GO:0009987	bp
PF08_0038	GO:0044464	cc
PF08_0038	GO:0003824	mf

PFC0315c	GO:0009987	bp
PFC0315c	GO:0044464	cc
PFC0315c	GO:0005488	mf

PFF0645c	GO:0009987	bp
PFF0645c	GO:0044464	cc
PFF0645c	GO:0003824	mf

PF14_0273	GO:0009987	bp
PF14_0273	GO:0044464	cc
PF14_0273	GO:0005488	mf

PF07_0087	GO:0008152	bp
PF07_0087	GO:0044464	cc
PF07_0087	GO:0005488	mf

PF10_0289	GO:0009987	bp
PF10_0289	GO:0016020	cc
PF10_0289	GO:0003824	mf

PFD1080w	GO:0009987	bp
PFD1080w	GO:0044464	cc
PFD1080w	GO:0003824	mf

PFL0970w	GO:0009987	bp
PFL0970w	GO:0044464	cc
PFL0970w	GO:0005488	mf

PFB0710c	GO:0009987	bp
PFB0710c	GO:0044464	cc
PFB0710c	GO:0005215	mf

PFF0670w	GO:0009987	bp
PFF0670w	GO:0044464	cc
PFF0670w	GO:0003824	mf

PFL0335c	GO:0008152	bp
PFL0335c	GO:0044464	cc
PFL0335c	GO:0003824	mf

MAL7P1.27	GO:0009987	bp
MAL7P1.27	GO:0044464	cc
MAL7P1.27	GO:0003824	mf

PFL1125w	GO:0009987	bp
PFL1125w	GO:0044464	cc
PFL1125w	GO:0005488	mf

PF10_0074	GO:0009987	bp
PF10_0074	GO:0044464	cc
PF10_0074	GO:0005488	mf

PFC0970w	GO:0008152	bp
PFC0970w	GO:0044464	cc
PFC0970w	GO:0003824	mf

PFL2220w	GO:0009987	bp
PFL2220w	GO:0044464	cc
PFL2220w	GO:0003824	mf

MAL13P1.227	GO:0009987	bp
MAL13P1.227	GO:0044464	cc
MAL13P1.227	GO:0003824	mf

PFC0520w	GO:0009987	bp
PFC0520w	GO:0016020	cc
PFC0520w	GO:0005488	mf

PF13_0153	GO:0009987	bp
PF13_0153	GO:0044464	cc
PF13_0153	GO:0005488	mf

PFE0715w	GO:0009987	bp
PFE0715w	GO:0044464	cc
PFE0715w	GO:0003824	mf

PF14_0639	GO:0009987	bp
PF14_0639	GO:0016020	cc
PF14_0639	GO:0005488	mf

PF14_0138	GO:0009987	bp
PF14_0138	GO:0044464	cc
PF14_0138	GO:0005488	mf

PFE0455w	GO:0009987	bp
PFE0455w	GO:0044464	cc
PFE0455w	GO:0005488	mf

PF08_0064	GO:0009987	bp
PF08_0064	GO:0044464	cc
PF08_0064	GO:0003824	mf

PFF0135w	GO:0009987	bp
PFF0135w	GO:0016020	cc
PFF0135w	GO:0003824	mf

PFL1330c	GO:0009987	bp
PFL1330c	GO:0044464	cc
PFL1330c	GO:0003824	mf

PF14_0027	GO:0009987	bp
PF14_0027	GO:0044464	cc
PF14_0027	GO:0005488	mf

PF14_0399	GO:0009987	bp
PF14_0399	GO:0044464	cc
PF14_0399	GO:0003824	mf

PF14_0613	GO:0009987	bp
PF14_0613	GO:0044464	cc
PF14_0613	GO:0005488	mf

MAL13P1.179	GO:0009987	bp
MAL13P1.179	GO:0044464	cc
MAL13P1.179	GO:0005488	mf

PFF0135w	GO:0051179	bp
PFF0135w	GO:0044464	cc
PFF0135w	GO:0003824	mf

PF14_0578	GO:0009987	bp
PF14_0578	GO:0044464	cc
PF14_0578	GO:0005488	mf

PF10_0096	GO:0009987	bp
PF10_0096	GO:0044464	cc
PF10_0096	GO:0003824	mf

MAL7P1.26	GO:0009987	bp
MAL7P1.26	GO:0016020	cc
MAL7P1.26	GO:0005488	mf

PFF1265w	GO:0009987	bp
PFF1265w	GO:0044464	cc
PFF1265w	GO:0003824	mf

MAL7P1.88	GO:0009987	bp
MAL7P1.88	GO:0044464	cc
MAL7P1.88	GO:0005488	mf

PF14_0503	GO:0009987	bp
PF14_0503	GO:0044464	cc
PF14_0503	GO:0003824	mf

PF13_0199	GO:0009987	bp
PF13_0199	GO:0044464	cc
PF13_0199	GO:0003824	mf

PF10_0152	GO:0009987	bp
PF10_0152	GO:0044464	cc
PF10_0152	GO:0003824	mf

PF07_0059	GO:0009987	bp
PF07_0059	GO:0044464	cc
PF07_0059	GO:0003824	mf

PFC0580c	GO:0009987	bp
PFC0580c	GO:0044464	cc
PFC0580c	GO:0003824	mf

PFA0375c	GO:0009987	bp
PFA0375c	GO:0044464	cc
PFA0375c	GO:0003824	mf

PF10_0053	GO:0009987	bp
PF10_0053	GO:0044464	cc
PF10_0053	GO:0005488	mf

MAL13P1.255	GO:0009987	bp
MAL13P1.255	GO:0044464	cc
MAL13P1.255	GO:0003824	mf

PF07_0098	GO:0008152	bp
PF07_0098	GO:0044464	cc
PF07_0098	GO:0003824	mf

PFL0700w	GO:0040011	bp
PFL0700w	GO:0044464	cc
PFL0700w	GO:0005488	mf

PFL1930w	GO:0009987	bp
PFL1930w	GO:0044464	cc
PFL1930w	GO:0005488	mf

PFD0965W	GO:0009987	bp
PFD0965W	GO:0044464	cc
PFD0965W	GO:0003824	mf

PF13_0099	GO:0009987	bp
PF13_0099	GO:0044464	cc
PF13_0099	GO:0003824	mf

PFI0275w	GO:0009987	bp
PFI0275w	GO:0044464	cc
PFI0275w	GO:0005488	mf

PF13_0149	GO:0008152	bp
PF13_0149	GO:0044464	cc
PF13_0149	GO:0003824	mf

PFC0145c	GO:0009987	bp
PFC0145c	GO:0044464	cc
PFC0145c	GO:0005488	mf

PFF0890c	GO:0009987	bp
PFF0890c	GO:0044464	cc
PFF0890c	GO:0003824	mf

PF10_0245	GO:0009987	bp
PF10_0245	GO:0044464	cc
PF10_0245	GO:0003824	mf

PF10_0205	GO:0009987	bp
PF10_0205	GO:0016020	cc
PF10_0205	GO:0005488	mf

PFI1550c	GO:0009987	bp
PFI1550c	GO:0044464	cc
PFI1550c	GO:0005488	mf

PFF0090w	GO:0009987	bp
PFF0090w	GO:0044217	cc
PFF0090w	GO:0003824	mf

PFF0455w	GO:0009987	bp
PFF0455w	GO:0044464	cc
PFF0455w	GO:0003824	mf

PF14_0229	GO:0008152	bp
PF14_0229	GO:0044464	cc
PF14_0229	GO:0003824	mf

PF14_0415	GO:0009987	bp
PF14_0415	GO:0016020	cc
PF14_0415	GO:0003824	mf

PF10_0336	GO:0008152	bp
PF10_0336	GO:0044464	cc
PF10_0336	GO:0005488	mf

PFL0800c	GO:0009987	bp
PFL0800c	GO:0044464	cc
PFL0800c	GO:0003824	mf

PF10_0075	GO:0008152	bp
PF10_0075	GO:0044464	cc
PF10_0075	GO:0005488	mf

MAL13P1.117	GO:0009987	bp
MAL13P1.117	GO:0016020	cc
MAL13P1.117	GO:0005488	mf

PFC0575w	GO:0009987	bp
PFC0575w	GO:0044464	cc
PFC0575w	GO:0003824	mf

PFF1530c	GO:0050896	bp
PFF1530c	GO:0016020	cc
PFF1530c	GO:0003824	mf

PFE1070c	GO:0009987	bp
PFE1070c	GO:0016020	cc
PFE1070c	GO:0003824	mf

PF10_0038	GO:0009987	bp
PF10_0038	GO:0044464	cc
PF10_0038	GO:0005488	mf

PFB0950w	GO:0009987	bp
PFB0950w	GO:0044217	cc
PFB0950w	GO:0005488	mf

PFI1235w	GO:0009987	bp
PFI1235w	GO:0044464	cc
PFI1235w	GO:0005488	mf

PFI0810c	GO:0050896	bp
PFI0810c	GO:0044464	cc
PFI0810c	GO:0005488	mf

PF13_0090	GO:0009987	bp
PF13_0090	GO:0044464	cc
PF13_0090	GO:0003824	mf

MAL13P1.227	GO:0009987	bp
MAL13P1.227	GO:0044464	cc
MAL13P1.227	GO:0005488	mf

PF14_0546	GO:0009987	bp
PF14_0546	GO:0044464	cc
PF14_0546	GO:0005488	mf

MAL8P1.113	GO:0008152	bp
MAL8P1.113	GO:0016020	cc
MAL8P1.113	GO:0003824	mf

PF14_0613	GO:0009987	bp
PF14_0613	GO:0044464	cc
PF14_0613	GO:0005488	mf

PF14_0582	GO:0009987	bp
PF14_0582	GO:0044464	cc
PF14_0582	GO:0003824	mf

PFA0165c	GO:0009987	bp
PFA0165c	GO:0043226	cc
PFA0165c	GO:0005488	mf

PFF0450c	GO:0009987	bp
PFF0450c	GO:0044464	cc
PFF0450c	GO:0005488	mf

PFC0815c	GO:0009987	bp
PFC0815c	GO:0044464	cc
PFC0815c	GO:0005488	mf

PF14_0728	GO:0009987	bp
PF14_0728	GO:0044464	cc
PF14_0728	GO:0005488	mf

PFE0630c	GO:0009987	bp
PFE0630c	GO:0044464	cc
PFE0630c	GO:0003824	mf

PF13_0157	GO:0009987	bp
PF13_0157	GO:0044464	cc
PF13_0157	GO:0005488	mf

PF11_0478	GO:0009987	bp
PF11_0478	GO:0044464	cc
PF11_0478	GO:0005488	mf

PFB0795w	GO:0009987	bp
PFB0795w	GO:0044464	cc
PFB0795w	GO:0003824	mf

PFD0900w	GO:0009987	bp
PFD0900w	GO:0044464	cc
PFD0900w	GO:0005488	mf

PFB0805c	GO:0009987	bp
PFB0805c	GO:0044464	cc
PFB0805c	GO:0005488	mf

PFL0800c	GO:0009987	bp
PFL0800c	GO:0044464	cc
PFL0800c	GO:0003824	mf

PFE1490c	GO:0009987	bp
PFE1490c	GO:0044464	cc
PFE1490c	GO:0005488	mf

PFC0230c	GO:0008152	bp
PFC0230c	GO:0016020	cc
PFC0230c	GO:0003824	mf

PFI0320w	GO:0044699	bp
PFI0320w	GO:0016020	cc
PFI0320w	GO:0005488	mf

PF14_0574	GO:0009987	bp
PF14_0574	GO:0044464	cc
PF14_0574	GO:0005488	mf

PFI1695c	GO:0009987	bp
PFI1695c	GO:0044464	cc
PFI1695c	GO:0005488	mf

PF14_0522	GO:0009987	bp
PF14_0522	GO:0044464	cc
PF14_0522	GO:0003824	mf

MAL8P1.73	GO:0008152	bp
MAL8P1.73	GO:0044464	cc
MAL8P1.73	GO:0003824	mf

PF13_0227	GO:0009987	bp
PF13_0227	GO:0044464	cc
PF13_0227	GO:0003824	mf

PFL2040w	GO:0044699	bp
PFL2040w	GO:0044464	cc
PFL2040w	GO:0005488	mf

PFE1220w	GO:0009987	bp
PFE1220w	GO:0044464	cc
PFE1220w	GO:0005488	mf

PFE0925c	GO:0009987	bp
PFE0925c	GO:0044464	cc
PFE0925c	GO:0005488	mf

PF11_0256	GO:0009987	bp
PF11_0256	GO:0044464	cc
PF11_0256	GO:0005488	mf

PF10_0169	GO:0009987	bp
PF10_0169	GO:0044464	cc
PF10_0169	GO:0003824	mf

PF13_0259	GO:0008152	bp
PF13_0259	GO:0044464	cc
PF13_0259	GO:0005488	mf

PFI0810c	GO:0008152	bp
PFI0810c	GO:0044464	cc
PFI0810c	GO:0003824	mf

PF13_0238	GO:0009987	bp
PF13_0238	GO:0044464	cc
PF13_0238	GO:0005488	mf

MAL13P1.225	GO:0008152	bp
MAL13P1.225	GO:0016020	cc
MAL13P1.225	GO:0005488	mf

PFE1485w	GO:0008152	bp
PFE1485w	GO:0044464	cc
PFE1485w	GO:0003824	mf

PF13_0346	GO:0009987	bp
PF13_0346	GO:0044464	cc
PF13_0346	GO:0005488	mf

MAL13P1.205	GO:0008152	bp
MAL13P1.205	GO:0044464	cc
MAL13P1.205	GO:0003824	mf

PF11_0375	GO:0009987	bp
PF11_0375	GO:0044464	cc
PF11_0375	GO:0005488	mf

PF10_0054	GO:0008152	bp
PF10_0054	GO:0044464	cc
PF10_0054	GO:0003824	mf

PFL0780w	GO:0009987	bp
PFL0780w	GO:0044464	cc
PFL0780w	GO:0003824	mf

MAL13P1.200	GO:0009987	bp
MAL13P1.200	GO:0044464	cc
MAL13P1.200	GO:0003824	mf

PFI0328c	GO:0009987	bp
PFI0328c	GO:0044464	cc
PFI0328c	GO:0005488	mf

PF11_0298	GO:0008152	bp
PF11_0298	GO:0044464	cc
PF11_0298	GO:0003824	mf

MAL8P1.30	GO:0009987	bp
MAL8P1.30	GO:0044464	cc
MAL8P1.30	GO:0003824	mf

PFI1215w	GO:0009987	bp
PFI1215w	GO:0016020	cc
PFI1215w	GO:0005488	mf

PFL0405w	GO:0009987	bp
PFL0405w	GO:0044464	cc
PFL0405w	GO:0003824	mf

PFB0805c	GO:0009987	bp
PFB0805c	GO:0016020	cc
PFB0805c	GO:0003824	mf

PF13_0278	GO:0009987	bp
PF13_0278	GO:0044464	cc
PF13_0278	GO:0005488	mf

PFE0200c	GO:0009987	bp
PFE0200c	GO:0044464	cc
PFE0200c	GO:0005488	mf

MAL13P1.122	GO:0008152	bp
MAL13P1.122	GO:0044464	cc
MAL13P1.122	GO:0005488	mf

PF11_0312	GO:0009987	bp
PF11_0312	GO:0044464	cc
PF11_0312	GO:0005488	mf

PFD0400w	GO:0009987	bp
PFD0400w	GO:0044464	cc
PFD0400w	GO:0005488	mf

PF10_0070	GO:0009987	bp
PF10_0070	GO:0044464	cc
PF10_0070	GO:0003824	mf

PF13_0334	GO:0009987	bp
PF13_0334	GO:0016020	cc
PF13_0334	GO:0003824	mf

PF14_0594	GO:0009987	bp
PF14_0594	GO:0044464	cc
PF14_0594	GO:0005488	mf

PFI1595c	GO:0009987	bp
PFI1595c	GO:0044464	cc
PFI1595c	GO:0003824	mf

PFE1175w	GO:0009987	bp
PFE1175w	GO:0044464	cc
PFE1175w	GO:0005488	mf

PF14_0110	GO:0009987	bp
PF14_0110	GO:0044464	cc
PF14_0110	GO:0005488	mf

PF14_0233	GO:0009987	bp
PF14_0233	GO:0044464	cc
PF14_0233	GO:0005488	mf

PFF0755c	GO:0009987	bp
PFF0755c	GO:0044464	cc
PFF0755c	GO:0005488	mf

PF13_0083	GO:0009987	bp
PF13_0083	GO:0044464	cc
PF13_0083	GO:0003824	mf

MAL13P1.179	GO:0009987	bp
MAL13P1.179	GO:0044464	cc
MAL13P1.179	GO:0005488	mf

PFB0665w	GO:0044699	bp
PFB0665w	GO:0016020	cc
PFB0665w	GO:0005488	mf

MAL7P1.77	GO:0009987	bp
MAL7P1.77	GO:0044464	cc
MAL7P1.77	GO:0005488	mf

PF14_0656	GO:0009987	bp
PF14_0656	GO:0044464	cc
PF14_0656	GO:0005488	mf

PF14_0184	GO:0009987	bp
PF14_0184	GO:0044464	cc
PF14_0184	GO:0005488	mf

PF13_0061	GO:0009987	bp
PF13_0061	GO:0044464	cc
PF13_0061	GO:0003824	mf

PFI0835c	GO:0009987	bp
PFI0835c	GO:0044464	cc
PFI0835c	GO:0005488	mf

PF13_0055	GO:0009987	bp
PF13_0055	GO:0044464	cc
PF13_0055	GO:0005488	mf

PFB0635w	GO:0008152	bp
PFB0635w	GO:0044464	cc
PFB0635w	GO:0003824	mf

PF14_0726	GO:0009987	bp
PF14_0726	GO:0044464	cc
PF14_0726	GO:0005488	mf

PF14_0642	GO:0009987	bp
PF14_0642	GO:0044464	cc
PF14_0642	GO:0003824	mf

PF10_0335	GO:0009987	bp
PF10_0335	GO:0044464	cc
PF10_0335	GO:0003824	mf

PF13_0300	GO:0009987	bp
PF13_0300	GO:0044464	cc
PF13_0300	GO:0005488	mf

PFE1130w	GO:0051704	bp
PFE1130w	GO:0016020	cc
PFE1130w	GO:0005488	mf

PFL1290w	GO:0009987	bp
PFL1290w	GO:0016020	cc
PFL1290w	GO:0003824	mf

PFL2090c	GO:0009987	bp
PFL2090c	GO:0044464	cc
PFL2090c	GO:0005488	mf

PF11_0095a	GO:0009987	bp
PF11_0095a	GO:0044464	cc
PF11_0095a	GO:0003824	mf

PF14_0498	GO:0009987	bp
PF14_0498	GO:0016020	cc
PF14_0498	GO:0005488	mf

PF10_0054	GO:0009987	bp
PF10_0054	GO:0044464	cc
PF10_0054	GO:0005488	mf

PFB0225c	GO:0009987	bp
PFB0225c	GO:0044464	cc
PFB0225c	GO:0003824	mf

PFL0050c	GO:0008152	bp
PFL0050c	GO:0044464	cc
PFL0050c	GO:0005488	mf

PF10_0040	GO:0008152	bp
PF10_0040	GO:0044464	cc
PF10_0040	GO:0005488	mf

MAL13P1.191	GO:0009987	bp
MAL13P1.191	GO:0044464	cc
MAL13P1.191	GO:0005488	mf

PF14_0753	GO:0009987	bp
PF14_0753	GO:0044464	cc
PF14_0753	GO:0003824	mf

MAL7P1.93	GO:0071840	bp
MAL7P1.93	GO:0044464	cc
MAL7P1.93	GO:0005488	mf

PF11_0324	GO:0009987	bp
PF11_0324	GO:0016020	cc
PF11_0324	GO:0005488	mf

PF11_0306	GO:0008152	bp
PF11_0306	GO:0044464	cc
PF11_0306	GO:0003824	mf

PF11_0254	GO:0008152	bp
PF11_0254	GO:0044464	cc
PF11_0254	GO:0003824	mf

PFE1445c	GO:0051179	bp
PFE1445c	GO:0016020	cc
PFE1445c	GO:0005488	mf

PFI0490c	GO:0009987	bp
PFI0490c	GO:0032991	cc
PFI0490c	GO:0005488	mf

PFE0350c	GO:0009987	bp
PFE0350c	GO:0032991	cc
PFE0350c	GO:0003824	mf

PFF0835w	GO:0009987	bp
PFF0835w	GO:0044464	cc
PFF0835w	GO:0005488	mf

PFF1325c	GO:0009987	bp
PFF1325c	GO:0044464	cc
PFF1325c	GO:0005488	mf

PF13_0122	GO:0009987	bp
PF13_0122	GO:0044464	cc
PF13_0122	GO:0005488	mf

MAL8P1.73	GO:0009987	bp
MAL8P1.73	GO:0044464	cc
MAL8P1.73	GO:0003824	mf

MAL13P1.247	GO:0009987	bp
MAL13P1.247	GO:0016020	cc
MAL13P1.247	GO:0005488	mf

PFD0580c	GO:0009987	bp
PFD0580c	GO:0044464	cc
PFD0580c	GO:0005488	mf

PF11_0044	GO:0009987	bp
PF11_0044	GO:0044464	cc
PF11_0044	GO:0005488	mf

PF14_0261	GO:0009987	bp
PF14_0261	GO:0044464	cc
PF14_0261	GO:0003824	mf

PF14_0189	GO:0008152	bp
PF14_0189	GO:0044464	cc
PF14_0189	GO:0003824	mf

PFD0965W	GO:0009987	bp
PFD0965W	GO:0044464	cc
PFD0965W	GO:0005488	mf

PF14_0169	GO:0009987	bp
PF14_0169	GO:0044464	cc
PF14_0169	GO:0005488	mf

PFE1480c	GO:0009987	bp
PFE1480c	GO:0044464	cc
PFE1480c	GO:0005488	mf

PF13_0023	GO:0008152	bp
PF13_0023	GO:0044464	cc
PF13_0023	GO:0003824	mf

PF13_0066	GO:0009987	bp
PF13_0066	GO:0044464	cc
PF13_0066	GO:0005488	mf

PFI0405w	GO:0009987	bp
PFI0405w	GO:0044464	cc
PFI0405w	GO:0003824	mf

PFB0600c	GO:0009987	bp
PFB0600c	GO:0044464	cc
PFB0600c	GO:0003824	mf

PF11_0095	GO:0008152	bp
PF11_0095	GO:0016020	cc
PF11_0095	GO:0003824	mf

PFI1470c	GO:0009987	bp
PFI1470c	GO:0044464	cc
PFI1470c	GO:0005488	mf

MAL7P1.10	GO:0009987	bp
MAL7P1.10	GO:0044464	cc
MAL7P1.10	GO:0005488	mf

PF14_0421	GO:0008152	bp
PF14_0421	GO:0044464	cc
PF14_0421	GO:0005488	mf

PF14_0401	GO:0009987	bp
PF14_0401	GO:0044464	cc
PF14_0401	GO:0005488	mf

PF14_0066	GO:0009987	bp
PF14_0066	GO:0044464	cc
PF14_0066	GO:0003824	mf

PF11_0312	GO:0009987	bp
PF11_0312	GO:0044464	cc
PF11_0312	GO:0005488	mf

MAL7P1.178	GO:0009987	bp
MAL7P1.178	GO:0044464	cc
MAL7P1.178	GO:0005488	mf

PF14_0122	GO:0009987	bp
PF14_0122	GO:0044464	cc
PF14_0122	GO:0005488	mf

PFB0505c	GO:0009987	bp
PFB0505c	GO:0044464	cc
PFB0505c	GO:0003824	mf

PFL0045c	GO:0009987	bp
PFL0045c	GO:0044464	cc
PFL0045c	GO:0003824	mf

PFE1085w	GO:0009987	bp
PFE1085w	GO:0016020	cc
PFE1085w	GO:0003824	mf

MAL13P1.154	GO:0009987	bp
MAL13P1.154	GO:0044464	cc
MAL13P1.154	GO:0005488	mf

PF13_0305	GO:0009987	bp
PF13_0305	GO:0044464	cc
PF13_0305	GO:0003824	mf

PF10_0116	GO:0009987	bp
PF10_0116	GO:0044464	cc
PF10_0116	GO:0005488	mf

PFA0440w	GO:0050896	bp
PFA0440w	GO:0044464	cc
PFA0440w	GO:0005488	mf

PFE1100w	GO:0009987	bp
PFE1100w	GO:0044464	cc
PFE1100w	GO:0005488	mf

PFB0670c	GO:0009987	bp
PFB0670c	GO:0016020	cc
PFB0670c	GO:0005488	mf

PFL2315c	GO:0009987	bp
PFL2315c	GO:0044464	cc
PFL2315c	GO:0005488	mf

MAL13P1.348	GO:0009987	bp
MAL13P1.348	GO:0044464	cc
MAL13P1.348	GO:0003824	mf

PFL1435c	GO:0009987	bp
PFL1435c	GO:0016020	cc
PFL1435c	GO:0005488	mf

PF14_0346	GO:0009987	bp
PF14_0346	GO:0044464	cc
PF14_0346	GO:0005488	mf

PF14_0176	GO:0044699	bp
PF14_0176	GO:0016020	cc
PF14_0176	GO:0003824	mf

PFI0135c	GO:0009987	bp
PFI0135c	GO:0044464	cc
PFI0135c	GO:0005488	mf

PF14_0669	GO:0008152	bp
PF14_0669	GO:0044464	cc
PF14_0669	GO:0005488	mf

PF13_0209	GO:0008152	bp
PF13_0209	GO:0044464	cc
PF13_0209	GO:0003824	mf

PFI0910w	GO:0009987	bp
PFI0910w	GO:0044464	cc
PFI0910w	GO:0003824	mf

PFI0845w	GO:0009987	bp
PFI0845w	GO:0044464	cc
PFI0845w	GO:0003824	mf

MAL13P1.338	GO:0009987	bp
MAL13P1.338	GO:0044464	cc
MAL13P1.338	GO:0005488	mf

PFE0350c	GO:0009987	bp
PFE0350c	GO:0044464	cc
PFE0350c	GO:0003824	mf

PF14_0094	GO:0009987	bp
PF14_0094	GO:0044464	cc
PF14_0094	GO:0003824	mf

MAL13P1.42	GO:0008152	bp
MAL13P1.42	GO:0044464	cc
MAL13P1.42	GO:0003824	mf

PF13_0308	GO:0009987	bp
PF13_0308	GO:0044464	cc
PF13_0308	GO:0005488	mf

MAL7P1.19	GO:0009987	bp
MAL7P1.19	GO:0044464	cc
MAL7P1.19	GO:0003824	mf

PF13_0053	GO:0009987	bp
PF13_0053	GO:0044464	cc
PF13_0053	GO:0005488	mf

PFL0975w	GO:0009987	bp
PFL0975w	GO:0044464	cc
PFL0975w	GO:0003824	mf

PFI1500w	GO:0008152	bp
PFI1500w	GO:0044464	cc
PFI1500w	GO:0005488	mf

MAL13P1.319	GO:0009987	bp
MAL13P1.319	GO:0044464	cc
MAL13P1.319	GO:0003824	mf

PFB0935w	GO:0008152	bp
PFB0935w	GO:0044464	cc
PFB0935w	GO:0003824	mf

PF07_0012	GO:0008152	bp
PF07_0012	GO:0044217	cc
PF07_0012	GO:0005488	mf

PF14_0401	GO:0009987	bp
PF14_0401	GO:0044464	cc
PF14_0401	GO:0005488	mf

PF11_0478	GO:0009987	bp
PF11_0478	GO:0044464	cc
PF11_0478	GO:0005488	mf

PFE0830c	GO:0008152	bp
PFE0830c	GO:0016020	cc
PFE0830c	GO:0003824	mf

PF14_0728	GO:0009987	bp
PF14_0728	GO:0044464	cc
PF14_0728	GO:0005488	mf

PF14_0115	GO:0009987	bp
PF14_0115	GO:0044464	cc
PF14_0115	GO:0003824	mf

PFF0320c	GO:0009987	bp
PFF0320c	GO:0016020	cc
PFF0320c	GO:0005488	mf

PFF0135w	GO:0009987	bp
PFF0135w	GO:0044464	cc
PFF0135w	GO:0003824	mf

PF11_0326	GO:0009987	bp
PF11_0326	GO:0044464	cc
PF11_0326	GO:0005488	mf

PFI1463w	GO:0009987	bp
PFI1463w	GO:0044464	cc
PFI1463w	GO:0005488	mf

PF07_0021	GO:0009987	bp
PF07_0021	GO:0044464	cc
PF07_0021	GO:0003824	mf

MAL8P1.76	GO:0009987	bp
MAL8P1.76	GO:0044464	cc
MAL8P1.76	GO:0003824	mf

PFL0345w	GO:0008152	bp
PFL0345w	GO:0016020	cc
PFL0345w	GO:0005488	mf

MAL13P1.308	GO:0008152	bp
MAL13P1.308	GO:0044464	cc
MAL13P1.308	GO:0003824	mf

PFI1695c	GO:0009987	bp
PFI1695c	GO:0044464	cc
PFI1695c	GO:0003824	mf

PFI0350c	GO:0009987	bp
PFI0350c	GO:0044464	cc
PFI0350c	GO:0005488	mf

PFE1365w	GO:0009987	bp
PFE1365w	GO:0044464	cc
PFE1365w	GO:0005488	mf

PFL1940w	GO:0051179	bp
PFL1940w	GO:0044464	cc
PFL1940w	GO:0005488	mf

PF13_0302	GO:0009987	bp
PF13_0302	GO:0016020	cc
PF13_0302	GO:0005488	mf

PFE1220w	GO:0009987	bp
PFE1220w	GO:0044464	cc
PFE1220w	GO:0005488	mf

PFI0275w	GO:0044699	bp
PFI0275w	GO:0016020	cc
PFI0275w	GO:0003824	mf

PFC0930c	GO:0051704	bp
PFC0930c	GO:0044464	cc
PFC0930c	GO:0005488	mf

PF14_0715	GO:0009987	bp
PF14_0715	GO:0044464	cc
PF14_0715	GO:0005488	mf

PFI1770w	GO:0009987	bp
PFI1770w	GO:0032991	cc
PFI1770w	GO:0003824	mf

PF14_0150	GO:0009987	bp
PF14_0150	GO:0044464	cc
PF14_0150	GO:0005488	mf

PFD0580c	GO:0008152	bp
PFD0580c	GO:0044464	cc
PFD0580c	GO:0003824	mf

PF10_0068	GO:0009987	bp
PF10_0068	GO:0044464	cc
PF10_0068	GO:0005198	mf

PFD0525w	GO:0009987	bp
PFD0525w	GO:0044464	cc
PFD0525w	GO:0003824	mf

PF14_0704	GO:0009987	bp
PF14_0704	GO:0044464	cc
PF14_0704	GO:0005488	mf

MAL13P1.119	GO:0050896	bp
MAL13P1.119	GO:0044464	cc
MAL13P1.119	GO:0003824	mf

PF10_0195	GO:0050896	bp
PF10_0195	GO:0044464	cc
PF10_0195	GO:0005215	mf

PF14_0420	GO:0009987	bp
PF14_0420	GO:0044464	cc
PF14_0420	GO:0003824	mf

MAL13P1.256	GO:0009987	bp
MAL13P1.256	GO:0044464	cc
MAL13P1.256	GO:0005488	mf

PFB0505c	GO:0009987	bp
PFB0505c	GO:0044464	cc
PFB0505c	GO:0005488	mf

PF10_0275	GO:0008152	bp
PF10_0275	GO:0016020	cc
PF10_0275	GO:0003824	mf

PFI0315c	GO:0044699	bp
PFI0315c	GO:0044464	cc
PFI0315c	GO:0005488	mf

PF14_0610	GO:0009987	bp
PF14_0610	GO:0044464	cc
PF14_0610	GO:0005488	mf

PFF1470c	GO:0009987	bp
PFF1470c	GO:0044464	cc
PFF1470c	GO:0005488	mf

PF10_0200	GO:0009987	bp
PF10_0200	GO:0044464	cc
PF10_0200	GO:0003824	mf

PFL0450c	GO:0009987	bp
PFL0450c	GO:0044464	cc
PFL0450c	GO:0005488	mf

MAL7P1.134	GO:0009987	bp
MAL7P1.134	GO:0044464	cc
MAL7P1.134	GO:0005488	mf

PF13_0139	GO:0009987	bp
PF13_0139	GO:0044464	cc
PF13_0139	GO:0005488	mf

PF13_0334	GO:0009987	bp
PF13_0334	GO:0044464	cc
PF13_0334	GO:0005488	mf

PF13_0037	GO:0009987	bp
PF13_0037	GO:0044464	cc
PF13_0037	GO:0005488	mf

PF14_0635	GO:0008152	bp
PF14_0635	GO:0044464	cc
PF14_0635	GO:0003824	mf

PF10_0272	GO:0009987	bp
PF10_0272	GO:0044464	cc
PF10_0272	GO:0005488	mf

PF14_0169	GO:0009987	bp
PF14_0169	GO:0044464	cc
PF14_0169	GO:0003824	mf

PF13_0319	GO:0009987	bp
PF13_0319	GO:0044464	cc
PF13_0319	GO:0005488	mf

PF13_0305	GO:0008152	bp
PF13_0305	GO:0044464	cc
PF13_0305	GO:0005488	mf

PFL1400c	GO:0009987	bp
PFL1400c	GO:0044464	cc
PFL1400c	GO:0005488	mf

PFL0330c	GO:0009987	bp
PFL0330c	GO:0044464	cc
PFL0330c	GO:0005488	mf

PF10_0128	GO:0008152	bp
PF10_0128	GO:0044464	cc
PF10_0128	GO:0003824	mf

PF11_0455	GO:0044699	bp
PF11_0455	GO:0044464	cc
PF11_0455	GO:0005488	mf

PF11_0145	GO:0009987	bp
PF11_0145	GO:0044464	cc
PF11_0145	GO:0003824	mf

PFE1370w	GO:0009987	bp
PFE1370w	GO:0044464	cc
PFE1370w	GO:0005488	mf

PFB0932w	GO:0009987	bp
PFB0932w	GO:0044464	cc
PFB0932w	GO:0005488	mf

PFL0445w	GO:0009987	bp
PFL0445w	GO:0044464	cc
PFL0445w	GO:0005488	mf

PF11_0157	GO:0008152	bp
PF11_0157	GO:0044464	cc
PF11_0157	GO:0003824	mf

PF13_0212	GO:0071840	bp
PF13_0212	GO:0044464	cc
PF13_0212	GO:0005488	mf

PF14_0792	GO:0009987	bp
PF14_0792	GO:0016020	cc
PF14_0792	GO:0005488	mf

PFE0300c	GO:0009987	bp
PFE0300c	GO:0032991	cc
PFE0300c	GO:0005488	mf

PFL0290w	GO:0009987	bp
PFL0290w	GO:0044464	cc
PFL0290w	GO:0005488	mf

PF14_0350	GO:0009987	bp
PF14_0350	GO:0044464	cc
PF14_0350	GO:0005488	mf

PF11_0056	GO:0009987	bp
PF11_0056	GO:0044464	cc
PF11_0056	GO:0003824	mf

PF07_0109a	GO:0009987	bp
PF07_0109a	GO:0016020	cc
PF07_0109a	GO:0003824	mf

MAL13P1.203	GO:0009987	bp
MAL13P1.203	GO:0044464	cc
MAL13P1.203	GO:0005488	mf

PFE0695w	GO:0009987	bp
PFE0695w	GO:0044464	cc
PFE0695w	GO:0003824	mf

MAL13P1.59	GO:0009987	bp
MAL13P1.59	GO:0044464	cc
MAL13P1.59	GO:0005488	mf

PFF0455w	GO:0009987	bp
PFF0455w	GO:0044464	cc
PFF0455w	GO:0005488	mf

PF14_0225	GO:0009987	bp
PF14_0225	GO:0016020	cc
PF14_0225	GO:0003824	mf

PF14_0247	GO:0009987	bp
PF14_0247	GO:0044464	cc
PF14_0247	GO:0005488	mf

PF11_0227	GO:0008152	bp
PF11_0227	GO:0044464	cc
PF11_0227	GO:0003824	mf

PFE1485w	GO:0009987	bp
PFE1485w	GO:0044464	cc
PFE1485w	GO:0003824	mf

PF14_0448	GO:0009987	bp
PF14_0448	GO:0044464	cc
PF14_0448	GO:0003824	mf

PFL1710c	GO:0009987	bp
PFL1710c	GO:0016020	cc
PFL1710c	GO:0003824	mf

PFL1945c	GO:0009987	bp
PFL1945c	GO:0044464	cc
PFL1945c	GO:0005488	mf

MAL13P1.248	GO:0009987	bp
MAL13P1.248	GO:0044464	cc
MAL13P1.248	GO:0003824	mf

PF08_0077	GO:0009987	bp
PF08_0077	GO:0044464	cc
PF08_0077	GO:0003824	mf

PFE0940c	GO:0009987	bp
PFE0940c	GO:0044464	cc
PFE0940c	GO:0005488	mf

PFL1920c	GO:0009987	bp
PFL1920c	GO:0044464	cc
PFL1920c	GO:0005488	mf

PFD1135c	GO:0009987	bp
PFD1135c	GO:0044464	cc
PFD1135c	GO:0003824	mf

PFC0350c	GO:0009987	bp
PFC0350c	GO:0044464	cc
PFC0350c	GO:0005488	mf

PF14_0491	GO:0009987	bp
PF14_0491	GO:0044464	cc
PF14_0491	GO:0005488	mf

PFI0840w	GO:0009987	bp
PFI0840w	GO:0044464	cc
PFI0840w	GO:0005488	mf

PF08_0108	GO:0009987	bp
PF08_0108	GO:0044464	cc
PF08_0108	GO:0005488	mf

PF14_0432	GO:0009987	bp
PF14_0432	GO:0044464	cc
PF14_0432	GO:0005488	mf

PFL2545c	GO:0009987	bp
PFL2545c	GO:0044464	cc
PFL2545c	GO:0005488	mf

PF11_0135	GO:0008152	bp
PF11_0135	GO:0044464	cc
PF11_0135	GO:0003824	mf

PFD0965W	GO:0008152	bp
PFD0965W	GO:0044464	cc
PFD0965W	GO:0005488	mf

PF13_0309	GO:0009987	bp
PF13_0309	GO:0044464	cc
PF13_0309	GO:0005488	mf

PF14_0518	GO:0008152	bp
PF14_0518	GO:0044464	cc
PF14_0518	GO:0003824	mf

PFL2460w	GO:0008152	bp
PFL2460w	GO:0044464	cc
PFL2460w	GO:0003824	mf

PFE0570w	GO:0009987	bp
PFE0570w	GO:0044464	cc
PFE0570w	GO:0005488	mf

PFI0645w	GO:0009987	bp
PFI0645w	GO:0044464	cc
PFI0645w	GO:0005198	mf

PF07_0057	GO:0009987	bp
PF07_0057	GO:0044464	cc
PF07_0057	GO:0003824	mf

PF10_0106	GO:0008152	bp
PF10_0106	GO:0044464	cc
PF10_0106	GO:0003824	mf

MAL13P1.94	GO:0008152	bp
MAL13P1.94	GO:0016020	cc
MAL13P1.94	GO:0005488	mf

PFA0275c	GO:0009987	bp
PFA0275c	GO:0032991	cc
PFA0275c	GO:0005488	mf

PFB0505c	GO:0008152	bp
PFB0505c	GO:0044464	cc
PFB0505c	GO:0005488	mf

PF11_0418	GO:0009987	bp
PF11_0418	GO:0044464	cc
PF11_0418	GO:0005488	mf

PFE0820c	GO:0009987	bp
PFE0820c	GO:0044464	cc
PFE0820c	GO:0005198	mf

PFL1690w	GO:0009987	bp
PFL1690w	GO:0016020	cc
PFL1690w	GO:0005488	mf

PFD0520c	GO:0009987	bp
PFD0520c	GO:0044464	cc
PFD0520c	GO:0005488	mf

MAL7P1.100	GO:0009987	bp
MAL7P1.100	GO:0044464	cc
MAL7P1.100	GO:0005488	mf

PF14_0575	GO:0009987	bp
PF14_0575	GO:0044464	cc
PF14_0575	GO:0005488	mf

PF10_0177a	GO:0008152	bp
PF10_0177a	GO:0044464	cc
PF10_0177a	GO:0003824	mf

PFC0180c	GO:0008152	bp
PFC0180c	GO:0044464	cc
PFC0180c	GO:0005488	mf

PFB0550w	GO:0009987	bp
PFB0550w	GO:0043226	cc
PFB0550w	GO:0005488	mf

PFL1455w	GO:0008152	bp
PFL1455w	GO:0044464	cc
PFL1455w	GO:0003824	mf

PFE0430w	GO:0009987	bp
PFE0430w	GO:0044464	cc
PFE0430w	GO:0005488	mf

PF11_0419	GO:0009987	bp
PF11_0419	GO:0044464	cc
PF11_0419	GO:0005488	mf

PFE0350c	GO:0009987	bp
PFE0350c	GO:0044464	cc
PFE0350c	GO:0005198	mf

MAL7P1.158	GO:0009987	bp
MAL7P1.158	GO:0044464	cc
MAL7P1.158	GO:0003824	mf

PF13_0305	GO:0009987	bp
PF13_0305	GO:0044464	cc
PF13_0305	GO:0003824	mf

PFL2250c	GO:0009987	bp
PFL2250c	GO:0044464	cc
PFL2250c	GO:0005488	mf

PF13_0305	GO:0009987	bp
PF13_0305	GO:0044464	cc
PF13_0305	GO:0005488	mf

PFI1595c	GO:0040011	bp
PFI1595c	GO:0044464	cc
PFI1595c	GO:0005488	mf

PF07_0077	GO:0008152	bp
PF07_0077	GO:0044464	cc
PF07_0077	GO:0005488	mf

PFL0345w	GO:0009987	bp
PFL0345w	GO:0044464	cc
PFL0345w	GO:0003824	mf

PFC0140c	GO:0009987	bp
PFC0140c	GO:0044464	cc
PFC0140c	GO:0005488	mf

PF13_0305	GO:0009987	bp
PF13_0305	GO:0044464	cc
PF13_0305	GO:0003824	mf

PF07_0031	GO:0009987	bp
PF07_0031	GO:0044464	cc
PF07_0031	GO:0003824	mf

MAL13P1.152	GO:0009987	bp
MAL13P1.152	GO:0044464	cc
MAL13P1.152	GO:0005488	mf

MAL7P1.172	GO:0008152	bp
MAL7P1.172	GO:0044464	cc
MAL7P1.172	GO:0005488	mf

PFE0445c	GO:0009987	bp
PFE0445c	GO:0044464	cc
PFE0445c	GO:0005488	mf

PF11_0458	GO:0009987	bp
PF11_0458	GO:0044464	cc
PF11_0458	GO:0005488	mf

PFI0035c	GO:0009987	bp
PFI0035c	GO:0044464	cc
PFI0035c	GO:0003824	mf

PFF0985c	GO:0009987	bp
PFF0985c	GO:0044464	cc
PFF0985c	GO:0005488	mf

PF13_0305	GO:0009987	bp
PF13_0305	GO:0044464	cc
PF13_0305	GO:0005488	mf

PF11_0483a	GO:0009987	bp
PF11_0483a	GO:0044464	cc
PF11_0483a	GO:0005488	mf

PFE0350c	GO:0009987	bp
PFE0350c	GO:0044464	cc
PFE0350c	GO:0003824	mf

PFL0185c	GO:0009987	bp
PFL0185c	GO:0044464	cc
PFL0185c	GO:0005488	mf

PF11_0394	GO:0009987	bp
PF11_0394	GO:0044464	cc
PF11_0394	GO:0003824	mf

PFF1450w	GO:0009987	bp
PFF1450w	GO:0044464	cc
PFF1450w	GO:0005488	mf

PF11_0353	GO:0009987	bp
PF11_0353	GO:0044464	cc
PF11_0353	GO:0005488	mf

PF11_0487	GO:0009987	bp
PF11_0487	GO:0044464	cc
PF11_0487	GO:0005488	mf

PFC0450w	GO:0009987	bp
PFC0450w	GO:0044464	cc
PFC0450w	GO:0005488	mf

PF11_0088	GO:0051179	bp
PF11_0088	GO:0016020	cc
PF11_0088	GO:0005488	mf

PFF0755c	GO:0009987	bp
PFF0755c	GO:0044464	cc
PFF0755c	GO:0003824	mf

PFD0965W	GO:0009987	bp
PFD0965W	GO:0044464	cc
PFD0965W	GO:0005488	mf

PF13_0281	GO:0009987	bp
PF13_0281	GO:0044464	cc
PF13_0281	GO:0003824	mf

PF11_0234	GO:0008152	bp
PF11_0234	GO:0044464	cc
PF11_0234	GO:0003824	mf

PFL0030c	GO:0050896	bp
PFL0030c	GO:0016020	cc
PFL0030c	GO:0005488	mf

PF07_0103	GO:0009987	bp
PF07_0103	GO:0016020	cc
PF07_0103	GO:0003824	mf

PF11_0353	GO:0009987	bp
PF11_0353	GO:0044464	cc
PF11_0353	GO:0005488	mf

MAL13P1.203	GO:0009987	bp
MAL13P1.203	GO:0044464	cc
MAL13P1.203	GO:0005488	mf

PF10_0380	GO:0009987	bp
PF10_0380	GO:0044464	cc
PF10_0380	GO:0005488	mf

MAL13P1.200	GO:0008152	bp
MAL13P1.200	GO:0016020	cc
MAL13P1.200	GO:0003824	mf

PFL1855w	GO:0009987	bp
PFL1855w	GO:0044464	cc
PFL1855w	GO:0005488	mf

PFL1165w	GO:0009987	bp
PFL1165w	GO:0044464	cc
PFL1165w	GO:0005488	mf

PFD0565c	GO:0009987	bp
PFD0565c	GO:0044464	cc
PFD0565c	GO:0005488	mf

MAL7P1.119	GO:0009987	bp
MAL7P1.119	GO:0044464	cc
MAL7P1.119	GO:0005488	mf

PFE1300w	GO:0009987	bp
PFE1300w	GO:0044464	cc
PFE1300w	GO:0005488	mf

PF14_0391	GO:0009987	bp
PF14_0391	GO:0044464	cc
PF14_0391	GO:0003824	mf

PFC0790w	GO:0008152	bp
PFC0790w	GO:0044464	cc
PFC0790w	GO:0003824	mf

PFI1305w	GO:0009987	bp
PFI1305w	GO:0044464	cc
PFI1305w	GO:0005488	mf

PFF0455w	GO:0009987	bp
PFF0455w	GO:0044464	cc
PFF0455w	GO:0005488	mf

MAL13P1.247	GO:0009987	bp
MAL13P1.247	GO:0044464	cc
MAL13P1.247	GO:0005488	mf

PFL0410w	GO:0009987	bp
PFL0410w	GO:0044464	cc
PFL0410w	GO:0005488	mf

MAL7P1.113	GO:0009987	bp
MAL7P1.113	GO:0044464	cc
MAL7P1.113	GO:0003824	mf

PFB0194w	GO:0009987	bp
PFB0194w	GO:0044464	cc
PFB0194w	GO:0003824	mf

PF13_0129	GO:0009987	bp
PF13_0129	GO:0044464	cc
PF13_0129	GO:0005488	mf

PFI0340c	GO:0009987	bp
PFI0340c	GO:0044464	cc
PFI0340c	GO:0003824	mf

PFL1340c	GO:0009987	bp
PFL1340c	GO:0044464	cc
PFL1340c	GO:0003824	mf

PFB0735c	GO:0009987	bp
PFB0735c	GO:0044464	cc
PFB0735c	GO:0005488	mf

PFF0840w	GO:0009987	bp
PFF0840w	GO:0044464	cc
PFF0840w	GO:0003824	mf

PFB0875c	GO:0009987	bp
PFB0875c	GO:0044464	cc
PFB0875c	GO:0003824	mf

PFI0190w	GO:0009987	bp
PFI0190w	GO:0044464	cc
PFI0190w	GO:0005198	mf

MAL7P1.172	GO:0009987	bp
MAL7P1.172	GO:0044464	cc
MAL7P1.172	GO:0005488	mf

PFL1170w	GO:0009987	bp
PFL1170w	GO:0044464	cc
PFL1170w	GO:0003824	mf

PFB0480w	GO:0009987	bp
PFB0480w	GO:0016020	cc
PFB0480w	GO:0005488	mf

PFF1470c	GO:0009987	bp
PFF1470c	GO:0044464	cc
PFF1470c	GO:0005488	mf

PFI0245c	GO:0009987	bp
PFI0245c	GO:0044464	cc
PFI0245c	GO:0005488	mf

PF11_0125	GO:0009987	bp
PF11_0125	GO:0016020	cc
PF11_0125	GO:0005488	mf

MAL13P1.247	GO:0009987	bp
MAL13P1.247	GO:0044464	cc
MAL13P1.247	GO:0003824	mf

MAL13P1.144	GO:0009987	bp
MAL13P1.144	GO:0044464	cc
MAL13P1.144	GO:0005488	mf

PF14_0561	GO:0009987	bp
PF14_0561	GO:0044464	cc
PF14_0561	GO:0005488	mf

PF14_0557	GO:0050896	bp
PF14_0557	GO:0044464	cc
PF14_0557	GO:0003824	mf

PF10_0224	GO:0009987	bp
PF10_0224	GO:0043226	cc
PF10_0224	GO:0003824	mf

MAL8P1.48	GO:0008152	bp
MAL8P1.48	GO:0044464	cc
MAL8P1.48	GO:0005488	mf

PFA0715c	GO:0009987	bp
PFA0715c	GO:0044464	cc
PFA0715c	GO:0003824	mf

PF13_0168	GO:0008152	bp
PF13_0168	GO:0044464	cc
PF13_0168	GO:0005488	mf

MAL8P1.73	GO:0009987	bp
MAL8P1.73	GO:0044464	cc
MAL8P1.73	GO:0005488	mf

MAL8P1.163	GO:0009987	bp
MAL8P1.163	GO:0044464	cc
MAL8P1.163	GO:0005488	mf

PFI0845w	GO:0009987	bp
PFI0845w	GO:0044464	cc
PFI0845w	GO:0003824	mf

PFE1370w	GO:0009987	bp
PFE1370w	GO:0044464	cc
PFE1370w	GO:0005488	mf

PFD0545w	GO:0009987	bp
PFD0545w	GO:0044464	cc
PFD0545w	GO:0005488	mf

PF14_0631	GO:0009987	bp
PF14_0631	GO:0044464	cc
PF14_0631	GO:0005488	mf

PF13_0309	GO:0009987	bp
PF13_0309	GO:0044464	cc
PF13_0309	GO:0005488	mf

PF11_0158	GO:0009987	bp
PF11_0158	GO:0044464	cc
PF11_0158	GO:0005488	mf

PF14_0282	GO:0009987	bp
PF14_0282	GO:0044464	cc
PF14_0282	GO:0005488	mf

PF11_0099	GO:0009987	bp
PF11_0099	GO:0043226	cc
PF11_0099	GO:0003824	mf

MAL13P1.192	GO:0009987	bp
MAL13P1.192	GO:0044464	cc
MAL13P1.192	GO:0005488	mf

PF13_0305	GO:0009987	bp
PF13_0305	GO:0044464	cc
PF13_0305	GO:0003824	mf

PF14_0438	GO:0050896	bp
PF14_0438	GO:0016020	cc
PF14_0438	GO:0005488	mf

PF10_0341	GO:0009987	bp
PF10_0341	GO:0044464	cc
PF10_0341	GO:0005488	mf

PF13_0289	GO:0009987	bp
PF13_0289	GO:0016020	cc
PF13_0289	GO:0005488	mf

PFE0890c	GO:0009987	bp
PFE0890c	GO:0016020	cc
PFE0890c	GO:0005488	mf

PF08_0137	GO:0009987	bp
PF08_0137	GO:0044464	cc
PF08_0137	GO:0003824	mf

PF10_0054	GO:0009987	bp
PF10_0054	GO:0044464	cc
PF10_0054	GO:0005488	mf

PF10_0137	GO:0009987	bp
PF10_0137	GO:0044464	cc
PF10_0137	GO:0003824	mf

PF11_0297	GO:0009987	bp
PF11_0297	GO:0044464	cc
PF11_0297	GO:0005488	mf

PF13_0018	GO:0009987	bp
PF13_0018	GO:0044464	cc
PF13_0018	GO:0005488	mf

PF14_0552	GO:0009987	bp
PF14_0552	GO:0044464	cc
PF14_0552	GO:0005488	mf

PF14_0291	GO:0009987	bp
PF14_0291	GO:0044464	cc
PF14_0291	GO:0005488	mf

MAL8P1.23	GO:0009987	bp
MAL8P1.23	GO:0044464	cc
MAL8P1.23	GO:0003824	mf

PFE1245w	GO:0044699	bp
PFE1245w	GO:0044464	cc
PFE1245w	GO:0005488	mf

PFL0355c	GO:0009987	bp
PFL0355c	GO:0044464	cc
PFL0355c	GO:0005488	mf

PF11_0296	GO:0009987	bp
PF11_0296	GO:0044464	cc
PF11_0296	GO:0005488	mf

PF14_0188	GO:0008152	bp
PF14_0188	GO:0044464	cc
PF14_0188	GO:0003824	mf

PFI0945w	GO:0008152	bp
PFI0945w	GO:0044464	cc
PFI0945w	GO:0003824	mf

PFI0640c	GO:0009987	bp
PFI0640c	GO:0044464	cc
PFI0640c	GO:0005488	mf

PFD0872w	GO:0044699	bp
PFD0872w	GO:0016020	cc
PFD0872w	GO:0005488	mf

PFD1200c	GO:0009987	bp
PFD1200c	GO:0044464	cc
PFD1200c	GO:0005488	mf

PF13_0060	GO:0009987	bp
PF13_0060	GO:0044464	cc
PF13_0060	GO:0005488	mf

PF13_0219	GO:0009987	bp
PF13_0219	GO:0044464	cc
PF13_0219	GO:0003824	mf

PFE0630c	GO:0009987	bp
PFE0630c	GO:0044464	cc
PFE0630c	GO:0005488	mf

PF08_0137	GO:0009987	bp
PF08_0137	GO:0044215	cc
PF08_0137	GO:0003824	mf

MAL7P1.204	GO:0009987	bp
MAL7P1.204	GO:0044464	cc
MAL7P1.204	GO:0005488	mf

PFE0780w	GO:0009987	bp
PFE0780w	GO:0044464	cc
PFE0780w	GO:0005488	mf

PFL0510c	GO:0008152	bp
PFL0510c	GO:0044464	cc
PFL0510c	GO:0003824	mf

PF14_0349	GO:0009987	bp
PF14_0349	GO:0044464	cc
PF14_0349	GO:0005488	mf

PFL1010c	GO:0009987	bp
PFL1010c	GO:0044464	cc
PFL1010c	GO:0005488	mf

PFE1435c	GO:0009987	bp
PFE1435c	GO:0044464	cc
PFE1435c	GO:0003824	mf

PFC0715c	GO:0009987	bp
PFC0715c	GO:0044464	cc
PFC0715c	GO:0005488	mf

PF11_0530	GO:0009987	bp
PF11_0530	GO:0044464	cc
PF11_0530	GO:0003824	mf

PFB0665w	GO:0009987	bp
PFB0665w	GO:0044464	cc
PFB0665w	GO:0003824	mf

PFB0020c	GO:0050896	bp
PFB0020c	GO:0044217	cc
PFB0020c	GO:0060089	mf

PFE0305w	GO:0009987	bp
PFE0305w	GO:0044464	cc
PFE0305w	GO:0003824	mf

MAL7P1.113	GO:0009987	bp
MAL7P1.113	GO:0044464	cc
MAL7P1.113	GO:0005488	mf

PFF0760w	GO:0009987	bp
PFF0760w	GO:0044464	cc
PFF0760w	GO:0005488	mf

PFI0440w	GO:0009987	bp
PFI0440w	GO:0044464	cc
PFI0440w	GO:0005488	mf

PF11_0337	GO:0009987	bp
PF11_0337	GO:0044464	cc
PF11_0337	GO:0005488	mf

PF07_0028	GO:0008152	bp
PF07_0028	GO:0044464	cc
PF07_0028	GO:0003824	mf

PFI0835c	GO:0009987	bp
PFI0835c	GO:0044464	cc
PFI0835c	GO:0005488	mf

PF07_0066	GO:0008152	bp
PF07_0066	GO:0044464	cc
PF07_0066	GO:0005488	mf

PFL0800c	GO:0008152	bp
PFL0800c	GO:0044464	cc
PFL0800c	GO:0003824	mf

PFF0320c	GO:0009987	bp
PFF0320c	GO:0044464	cc
PFF0320c	GO:0005488	mf

PFB0670c	GO:0008152	bp
PFB0670c	GO:0044464	cc
PFB0670c	GO:0005488	mf

PFD0480w	GO:0009987	bp
PFD0480w	GO:0044464	cc
PFD0480w	GO:0005488	mf

PF11_0310	GO:0009987	bp
PF11_0310	GO:0044464	cc
PF11_0310	GO:0003824	mf

MAL13P1.247	GO:0044699	bp
MAL13P1.247	GO:0044464	cc
MAL13P1.247	GO:0005488	mf

PFE0225w	GO:0009987	bp
PFE0225w	GO:0044464	cc
PFE0225w	GO:0005488	mf

PF10_0409	GO:0009987	bp
PF10_0409	GO:0044464	cc
PF10_0409	GO:0005488	mf

PFA0320w	GO:0009987	bp
PFA0320w	GO:0044464	cc
PFA0320w	GO:0005488	mf

PFD0155c	GO:0009987	bp
PFD0155c	GO:0044464	cc
PFD0155c	GO:0005488	mf

PF14_0367	GO:0008152	bp
PF14_0367	GO:0044464	cc
PF14_0367	GO:0003824	mf

PFD0955w	GO:0008152	bp
PFD0955w	GO:0044464	cc
PFD0955w	GO:0005488	mf

PFB0885w	GO:0009987	bp
PFB0885w	GO:0044464	cc
PFB0885w	GO:0003824	mf

PF11_0389	GO:0009987	bp
PF11_0389	GO:0044464	cc
PF11_0389	GO:0005488	mf

PFL0115w	GO:0044699	bp
PFL0115w	GO:0044464	cc
PFL0115w	GO:0005488	mf

MAL13P1.213	GO:0008152	bp
MAL13P1.213	GO:0044464	cc
MAL13P1.213	GO:0003824	mf

PFC0580c	GO:0008152	bp
PFC0580c	GO:0044464	cc
PFC0580c	GO:0003824	mf

PF10_0137	GO:0044699	bp
PF10_0137	GO:0044464	cc
PF10_0137	GO:0003824	mf

PF14_0274	GO:0008152	bp
PF14_0274	GO:0044464	cc
PF14_0274	GO:0003824	mf

PF14_0589	GO:0009987	bp
PF14_0589	GO:0044464	cc
PF14_0589	GO:0005488	mf

PF14_0439	GO:0009987	bp
PF14_0439	GO:0016020	cc
PF14_0439	GO:0003824	mf

MAL13P1.308	GO:0008152	bp
MAL13P1.308	GO:0044464	cc
MAL13P1.308	GO:0005488	mf

PFD1195c	GO:0009987	bp
PFD1195c	GO:0044464	cc
PFD1195c	GO:0003824	mf

PF11_0281	GO:0009987	bp
PF11_0281	GO:0044464	cc
PF11_0281	GO:0003824	mf

MAL8P1.163	GO:0009987	bp
MAL8P1.163	GO:0044464	cc
MAL8P1.163	GO:0005488	mf

PF07_0126	GO:0009987	bp
PF07_0126	GO:0044464	cc
PF07_0126	GO:0005488	mf

PF14_0171	GO:0009987	bp
PF14_0171	GO:0044464	cc
PF14_0171	GO:0005488	mf

PFB0805c	GO:0009987	bp
PFB0805c	GO:0044464	cc
PFB0805c	GO:0005488	mf

PF10_0250	GO:0009987	bp
PF10_0250	GO:0044464	cc
PF10_0250	GO:0003824	mf

PFF1085c	GO:0009987	bp
PFF1085c	GO:0044464	cc
PFF1085c	GO:0005488	mf

MAL13P1.85	GO:0009987	bp
MAL13P1.85	GO:0044464	cc
MAL13P1.85	GO:0003824	mf

PF11_0509	GO:0009987	bp
PF11_0509	GO:0044464	cc
PF11_0509	GO:0005488	mf

MAL13P1.337	GO:0008152	bp
MAL13P1.337	GO:0044464	cc
MAL13P1.337	GO:0003824	mf

PFF0175c	GO:0009987	bp
PFF0175c	GO:0044464	cc
PFF0175c	GO:0005488	mf

PFL0060w	GO:0009987	bp
PFL0060w	GO:0044464	cc
PFL0060w	GO:0005488	mf

PFE0285c	GO:0009987	bp
PFE0285c	GO:0044464	cc
PFE0285c	GO:0005488	mf

PFD0285c	GO:0009987	bp
PFD0285c	GO:0044464	cc
PFD0285c	GO:0005488	mf

PF14_0239	GO:0009987	bp
PF14_0239	GO:0044425	cc
PF14_0239	GO:0005488	mf

PF10_0324	GO:0008152	bp
PF10_0324	GO:0044464	cc
PF10_0324	GO:0003824	mf

PF11_0226	GO:0009987	bp
PF11_0226	GO:0044464	cc
PF11_0226	GO:0005488	mf

MAL8P1.4	GO:0044699	bp
MAL8P1.4	GO:0044464	cc
MAL8P1.4	GO:0003824	mf

PF14_0587	GO:0009987	bp
PF14_0587	GO:0044464	cc
PF14_0587	GO:0003824	mf

PF14_0536	GO:0009987	bp
PF14_0536	GO:0044464	cc
PF14_0536	GO:0005488	mf

PF10_0321	GO:0009987	bp
PF10_0321	GO:0044464	cc
PF10_0321	GO:0003824	mf

PF10_0137	GO:0009987	bp
PF10_0137	GO:0044464	cc
PF10_0137	GO:0003824	mf

PFC0485w	GO:0009987	bp
PFC0485w	GO:0044464	cc
PFC0485w	GO:0005488	mf

PFB0355c	GO:0009987	bp
PFB0355c	GO:0016020	cc
PFB0355c	GO:0005488	mf

PF11_0514	GO:0009987	bp
PF11_0514	GO:0044464	cc
PF11_0514	GO:0003824	mf

PF11_0402	GO:0008152	bp
PF11_0402	GO:0044464	cc
PF11_0402	GO:0003824	mf

PF11_0302	GO:0008152	bp
PF11_0302	GO:0043226	cc
PF11_0302	GO:0005488	mf

PF14_0624	GO:0009987	bp
PF14_0624	GO:0044464	cc
PF14_0624	GO:0003824	mf

PF14_0028	GO:0009987	bp
PF14_0028	GO:0044464	cc
PF14_0028	GO:0005488	mf

PF11_0230	GO:0009987	bp
PF11_0230	GO:0044464	cc
PF11_0230	GO:0005488	mf

PFF0640w	GO:0009987	bp
PFF0640w	GO:0044464	cc
PFF0640w	GO:0003824	mf

PF11_0281	GO:0009987	bp
PF11_0281	GO:0044464	cc
PF11_0281	GO:0003824	mf

PFB0020c	GO:0051704	bp
PFB0020c	GO:0044217	cc
PFB0020c	GO:0005488	mf

PFI0450c	GO:0009987	bp
PFI0450c	GO:0032991	cc
PFI0450c	GO:0005488	mf

PF11_0279	GO:0050896	bp
PF11_0279	GO:0044464	cc
PF11_0279	GO:0003824	mf

PFE0170c	GO:0009987	bp
PFE0170c	GO:0044464	cc
PFE0170c	GO:0005488	mf

PFC0486c	GO:0009987	bp
PFC0486c	GO:0044464	cc
PFC0486c	GO:0003824	mf

PFL0875w	GO:0009987	bp
PFL0875w	GO:0044464	cc
PFL0875w	GO:0005488	mf

PFL1730c	GO:0008152	bp
PFL1730c	GO:0044464	cc
PFL1730c	GO:0003824	mf

PF13_0164	GO:0008152	bp
PF13_0164	GO:0044464	cc
PF13_0164	GO:0005488	mf

PFF0985c	GO:0009987	bp
PFF0985c	GO:0016020	cc
PFF0985c	GO:0003824	mf

PFL0070c	GO:0009987	bp
PFL0070c	GO:0044217	cc
PFL0070c	GO:0003824	mf

PFE1525w	GO:0050896	bp
PFE1525w	GO:0044464	cc
PFE1525w	GO:0005488	mf

PFE1370w	GO:0009987	bp
PFE1370w	GO:0044464	cc
PFE1370w	GO:0005488	mf

PF11_0281	GO:0009987	bp
PF11_0281	GO:0044464	cc
PF11_0281	GO:0003824	mf

PF14_0067	GO:0044699	bp
PF14_0067	GO:0044464	cc
PF14_0067	GO:0003824	mf

MAL13P1.475	GO:0009987	bp
MAL13P1.475	GO:0044464	cc
MAL13P1.475	GO:0005488	mf

PFD0855c	GO:0009987	bp
PFD0855c	GO:0044464	cc
PFD0855c	GO:0003824	mf

PF11_0309	GO:0009987	bp
PF11_0309	GO:0044464	cc
PF11_0309	GO:0005488	mf

MAL13P1.247	GO:0009987	bp
MAL13P1.247	GO:0044464	cc
MAL13P1.247	GO:0003824	mf

PFL1635w	GO:0009987	bp
PFL1635w	GO:0044217	cc
PFL1635w	GO:0005488	mf

PFD0375w	GO:0009987	bp
PFD0375w	GO:0044464	cc
PFD0375w	GO:0005488	mf

PF13_0130	GO:0009987	bp
PF13_0130	GO:0044464	cc
PF13_0130	GO:0005198	mf

PFF1495w	GO:0050896	bp
PFF1495w	GO:0044464	cc
PFF1495w	GO:0005488	mf

MAL8P1.102	GO:0009987	bp
MAL8P1.102	GO:0044464	cc
MAL8P1.102	GO:0005488	mf

PF11_0274	GO:0009987	bp
PF11_0274	GO:0044464	cc
PF11_0274	GO:0005488	mf

PF14_0559	GO:0009987	bp
PF14_0559	GO:0044464	cc
PF14_0559	GO:0005488	mf

PFC0135c	GO:0009987	bp
PFC0135c	GO:0044464	cc
PFC0135c	GO:0005488	mf

MAL7P1.67	GO:0009987	bp
MAL7P1.67	GO:0044464	cc
MAL7P1.67	GO:0005488	mf

PF11_0377-a	GO:0009987	bp
PF11_0377-a	GO:0044464	cc
PF11_0377-a	GO:0005198	mf

PF14_0662	GO:0009987	bp
PF14_0662	GO:0016020	cc
PF14_0662	GO:0003824	mf

PFI0765w	GO:0009987	bp
PFI0765w	GO:0044464	cc
PFI0765w	GO:0005488	mf

PF10_0368	GO:0009987	bp
PF10_0368	GO:0044464	cc
PF10_0368	GO:0005488	mf

PFF1385c	GO:0009987	bp
PFF1385c	GO:0044464	cc
PFF1385c	GO:0003824	mf

PF11_0088	GO:0009987	bp
PF11_0088	GO:0044464	cc
PF11_0088	GO:0005488	mf

PF10_0072	GO:0009987	bp
PF10_0072	GO:0044464	cc
PF10_0072	GO:0005488	mf

PF13_0253	GO:0009987	bp
PF13_0253	GO:0044464	cc
PF13_0253	GO:0005488	mf

PFE0805w	GO:0044699	bp
PFE0805w	GO:0044464	cc
PFE0805w	GO:0005488	mf

PFB0400w	GO:0009987	bp
PFB0400w	GO:0044464	cc
PFB0400w	GO:0005488	mf

PFB0355c	GO:0009987	bp
PFB0355c	GO:0044464	cc
PFB0355c	GO:0003824	mf

PF14_0669	GO:0009987	bp
PF14_0669	GO:0044464	cc
PF14_0669	GO:0003824	mf

PF11_0089	GO:0008152	bp
PF11_0089	GO:0044464	cc
PF11_0089	GO:0005488	mf

PFB1035w	GO:0050896	bp
PFB1035w	GO:0044217	cc
PFB1035w	GO:0005488	mf

PF11_0274	GO:0009987	bp
PF11_0274	GO:0044464	cc
PF11_0274	GO:0003824	mf

PFL0875w	GO:0009987	bp
PFL0875w	GO:0044464	cc
PFL0875w	GO:0005488	mf

PF13_0309	GO:0009987	bp
PF13_0309	GO:0044464	cc
PF13_0309	GO:0005488	mf

PF14_0746	GO:0009987	bp
PF14_0746	GO:0044464	cc
PF14_0746	GO:0003824	mf

PF08_0088	GO:0009987	bp
PF08_0088	GO:0044464	cc
PF08_0088	GO:0003824	mf

MAL7P1.157a	GO:0009987	bp
MAL7P1.157a	GO:0044464	cc
MAL7P1.157a	GO:0005488	mf

PF13_0014	GO:0009987	bp
PF13_0014	GO:0043226	cc
PF13_0014	GO:0005198	mf

PF10_0329	GO:0008152	bp
PF10_0329	GO:0044464	cc
PF10_0329	GO:0003824	mf

PFL1510c	GO:0009987	bp
PFL1510c	GO:0044464	cc
PFL1510c	GO:0005488	mf

PF10_0157	GO:0008152	bp
PF10_0157	GO:0016020	cc
PF10_0157	GO:0003824	mf

PF13_0309	GO:0009987	bp
PF13_0309	GO:0044464	cc
PF13_0309	GO:0005488	mf

PF11_0405-a	GO:0009987	bp
PF11_0405-a	GO:0044464	cc
PF11_0405-a	GO:0003824	mf

PF11_0470	GO:0009987	bp
PF11_0470	GO:0044464	cc
PF11_0470	GO:0005488	mf

PFE1370w	GO:0009987	bp
PFE1370w	GO:0032991	cc
PFE1370w	GO:0005488	mf

PF14_0353	GO:0009987	bp
PF14_0353	GO:0044464	cc
PF14_0353	GO:0005488	mf

MAL7P1.185	GO:0050896	bp
MAL7P1.185	GO:0044217	cc
MAL7P1.185	GO:0005488	mf

PF14_0664	GO:0044699	bp
PF14_0664	GO:0044464	cc
PF14_0664	GO:0005488	mf

PFC0610c	GO:0009987	bp
PFC0610c	GO:0044464	cc
PFC0610c	GO:0005488	mf

PFI0475w	GO:0009987	bp
PFI0475w	GO:0044464	cc
PFI0475w	GO:0005488	mf

PFI1580c	GO:0008152	bp
PFI1580c	GO:0044464	cc
PFI1580c	GO:0003824	mf

PFB0815w	GO:0009987	bp
PFB0815w	GO:0016020	cc
PFB0815w	GO:0005488	mf

PFD0820w	GO:0009987	bp
PFD0820w	GO:0016020	cc
PFD0820w	GO:0005488	mf

PF14_0494	GO:0009987	bp
PF14_0494	GO:0044464	cc
PF14_0494	GO:0003824	mf

PF14_0190	GO:0008152	bp
PF14_0190	GO:0044464	cc
PF14_0190	GO:0003824	mf

PFC0485w	GO:0009987	bp
PFC0485w	GO:0044464	cc
PFC0485w	GO:0003824	mf

PF11_0294	GO:0009987	bp
PF11_0294	GO:0044464	cc
PF11_0294	GO:0005488	mf

PF11_0443	GO:0009987	bp
PF11_0443	GO:0044464	cc
PF11_0443	GO:0005488	mf

PFD0125c	GO:0044699	bp
PFD0125c	GO:0044464	cc
PFD0125c	GO:0005488	mf

PFL0585w	GO:0009987	bp
PFL0585w	GO:0044464	cc
PFL0585w	GO:0003824	mf

PFF0620c	GO:0009987	bp
PFF0620c	GO:0044464	cc
PFF0620c	GO:0003824	mf

MAL8P1.97	GO:0044699	bp
MAL8P1.97	GO:0044464	cc
MAL8P1.97	GO:0003824	mf

PFI0275w	GO:0009987	bp
PFI0275w	GO:0044464	cc
PFI0275w	GO:0003824	mf

MAL13P1.224	GO:0009987	bp
MAL13P1.224	GO:0016020	cc
MAL13P1.224	GO:0005488	mf

PFD0311w	GO:0009987	bp
PFD0311w	GO:0044464	cc
PFD0311w	GO:0005488	mf

MAL7P1.29	GO:0050896	bp
MAL7P1.29	GO:0044464	cc
MAL7P1.29	GO:0005488	mf

PFA0665w	GO:0009987	bp
PFA0665w	GO:0044464	cc
PFA0665w	GO:0003824	mf

PFD0030c	GO:0051704	bp
PFD0030c	GO:0044217	cc
PFD0030c	GO:0060089	mf

PFC0282w	GO:0009987	bp
PFC0282w	GO:0044464	cc
PFC0282w	GO:0005198	mf

PF10_0169	GO:0009987	bp
PF10_0169	GO:0044464	cc
PF10_0169	GO:0005488	mf

MAL13P1.195	GO:0008152	bp
MAL13P1.195	GO:0044464	cc
MAL13P1.195	GO:0003824	mf

PFL2200w	GO:0009987	bp
PFL2200w	GO:0016020	cc
PFL2200w	GO:0003824	mf

PF13_0124	GO:0008152	bp
PF13_0124	GO:0044464	cc
PF13_0124	GO:0005488	mf

PFC0240c	GO:0050896	bp
PFC0240c	GO:0044217	cc
PFC0240c	GO:0005488	mf

PFB0325c	GO:0008152	bp
PFB0325c	GO:0016020	cc
PFB0325c	GO:0005488	mf

PFD0125c	GO:0009987	bp
PFD0125c	GO:0044464	cc
PFD0125c	GO:0003824	mf

MAL13P1.224	GO:0008152	bp
MAL13P1.224	GO:0016020	cc
MAL13P1.224	GO:0003824	mf

PFL0725w	GO:0009987	bp
PFL0725w	GO:0044464	cc
PFL0725w	GO:0005488	mf

PF11_0478	GO:0044699	bp
PF11_0478	GO:0044464	cc
PF11_0478	GO:0003824	mf

PFE0880c	GO:0008152	bp
PFE0880c	GO:0016020	cc
PFE0880c	GO:0003824	mf

PFL0365c	GO:0009987	bp
PFL0365c	GO:0044464	cc
PFL0365c	GO:0003824	mf

PF11_0341	GO:0009987	bp
PF11_0341	GO:0044464	cc
PF11_0341	GO:0005488	mf

MAL13P1.318	GO:0009987	bp
MAL13P1.318	GO:0016020	cc
MAL13P1.318	GO:0003824	mf

PFL0690c	GO:0009987	bp
PFL0690c	GO:0044464	cc
PFL0690c	GO:0005488	mf

PF14_0179	GO:0009987	bp
PF14_0179	GO:0044464	cc
PF14_0179	GO:0005488	mf

PFL0455c	GO:0051179	bp
PFL0455c	GO:0044464	cc
PFL0455c	GO:0005488	mf

PFI0995w	GO:0050896	bp
PFI0995w	GO:0044217	cc
PFI0995w	GO:0005488	mf

PF11_0526	GO:0050896	bp
PF11_0526	GO:0044464	cc
PF11_0526	GO:0005488	mf

MAL13P1.84	GO:0009987	bp
MAL13P1.84	GO:0044464	cc
MAL13P1.84	GO:0005488	mf

PFI1730w	GO:0040011	bp
PFI1730w	GO:0044464	cc
PFI1730w	GO:0003824	mf

PFL1030w	GO:0009987	bp
PFL1030w	GO:0044464	cc
PFL1030w	GO:0005488	mf

MAL13P1.179	GO:0050896	bp
MAL13P1.179	GO:0044464	cc
MAL13P1.179	GO:0005488	mf

PF14_0389	GO:0051179	bp
PF14_0389	GO:0016020	cc
PF14_0389	GO:0005488	mf

PFE0780w	GO:0008152	bp
PFE0780w	GO:0044464	cc
PFE0780w	GO:0005488	mf

PF11_0234	GO:0008152	bp
PF11_0234	GO:0044464	cc
PF11_0234	GO:0005488	mf

PFL2545c	GO:0008152	bp
PFL2545c	GO:0016020	cc
PFL2545c	GO:0005488	mf

PF14_0168	GO:0009987	bp
PF14_0168	GO:0044464	cc
PF14_0168	GO:0005488	mf

PFL0700w	GO:0009987	bp
PFL0700w	GO:0044464	cc
PFL0700w	GO:0005488	mf

PF13_0173	GO:0040011	bp
PF13_0173	GO:0044464	cc
PF13_0173	GO:0005488	mf

PF13_0276	GO:0009987	bp
PF13_0276	GO:0016020	cc
PF13_0276	GO:0003824	mf

PFL0520c	GO:0008152	bp
PFL0520c	GO:0044464	cc
PFL0520c	GO:0005488	mf

PFD0355c	GO:0009987	bp
PFD0355c	GO:0044464	cc
PFD0355c	GO:0003824	mf

PFD0375w	GO:0009987	bp
PFD0375w	GO:0044464	cc
PFD0375w	GO:0005488	mf

PFI0740c	GO:0009987	bp
PFI0740c	GO:0044464	cc
PFI0740c	GO:0003824	mf

PFF0420c	GO:0009987	bp
PFF0420c	GO:0044464	cc
PFF0420c	GO:0005198	mf

PF13_0116	GO:0009987	bp
PF13_0116	GO:0044464	cc
PF13_0116	GO:0005488	mf

PFE0220w	GO:0009987	bp
PFE0220w	GO:0044464	cc
PFE0220w	GO:0003824	mf

PFE0030c	GO:0009987	bp
PFE0030c	GO:0044464	cc
PFE0030c	GO:0005488	mf

PFB0888w-b	GO:0009987	bp
PFB0888w-b	GO:0044464	cc
PFB0888w-b	GO:0005488	mf

PF14_0286	GO:0051704	bp
PF14_0286	GO:0044217	cc
PF14_0286	GO:0005488	mf

PFD0125c	GO:0008152	bp
PFD0125c	GO:0044464	cc
PFD0125c	GO:0005488	mf

PFD0375w	GO:0009987	bp
PFD0375w	GO:0044464	cc
PFD0375w	GO:0003824	mf

PF07_0055	GO:0009987	bp
PF07_0055	GO:0044464	cc
PF07_0055	GO:0005488	mf

PFL2285c	GO:0009987	bp
PFL2285c	GO:0044464	cc
PFL2285c	GO:0005488	mf

PFL1735c	GO:0009987	bp
PFL1735c	GO:0044464	cc
PFL1735c	GO:0005488	mf

MAL13P1.125	GO:0008152	bp
MAL13P1.125	GO:0016020	cc
MAL13P1.125	GO:0003824	mf

PFB0615c	GO:0008152	bp
PFB0615c	GO:0044464	cc
PFB0615c	GO:0005488	mf

PFI1455c	GO:0044699	bp
PFI1455c	GO:0044464	cc
PFI1455c	GO:0005488	mf

PFI0185w	GO:0009987	bp
PFI0185w	GO:0044464	cc
PFI0185w	GO:0003824	mf

PF14_0722	GO:0009987	bp
PF14_0722	GO:0044464	cc
PF14_0722	GO:0005488	mf

PF08_0052	GO:0009987	bp
PF08_0052	GO:0044464	cc
PF08_0052	GO:0003824	mf

MAL7P1.10	GO:0009987	bp
MAL7P1.10	GO:0044464	cc
MAL7P1.10	GO:0005488	mf

PF14_0292	GO:0008152	bp
PF14_0292	GO:0044464	cc
PF14_0292	GO:0005488	mf

PF11_0481	GO:0008152	bp
PF11_0481	GO:0044464	cc
PF11_0481	GO:0003824	mf

PF14_0290	GO:0009987	bp
PF14_0290	GO:0044464	cc
PF14_0290	GO:0005488	mf

PF11_0060	GO:0009987	bp
PF11_0060	GO:0044464	cc
PF11_0060	GO:0005488	mf

PFE1005w	GO:0009987	bp
PFE1005w	GO:0044464	cc
PFE1005w	GO:0005198	mf

PF14_0210	GO:0009987	bp
PF14_0210	GO:0044464	cc
PF14_0210	GO:0005488	mf

PF14_0179	GO:0009987	bp
PF14_0179	GO:0044464	cc
PF14_0179	GO:0005488	mf

PFA0445w	GO:0008152	bp
PFA0445w	GO:0016020	cc
PFA0445w	GO:0003824	mf

PF11_0334	GO:0009987	bp
PF11_0334	GO:0044464	cc
PF11_0334	GO:0005488	mf

PFE0850c	GO:0009987	bp
PFE0850c	GO:0044464	cc
PFE0850c	GO:0005488	mf

PF11_0195	GO:0009987	bp
PF11_0195	GO:0044464	cc
PF11_0195	GO:0005488	mf

PFE1410c	GO:0009987	bp
PFE1410c	GO:0044464	cc
PFE1410c	GO:0005488	mf

PF14_0169	GO:0009987	bp
PF14_0169	GO:0044464	cc
PF14_0169	GO:0003824	mf

PFA0715c	GO:0009987	bp
PFA0715c	GO:0016020	cc
PFA0715c	GO:0003824	mf

MAL13P1.11	GO:0009987	bp
MAL13P1.11	GO:0044464	cc
MAL13P1.11	GO:0005488	mf

PFF0315c	GO:0009987	bp
PFF0315c	GO:0044464	cc
PFF0315c	GO:0005488	mf

PF14_0625	GO:0009987	bp
PF14_0625	GO:0044464	cc
PF14_0625	GO:0003824	mf

PF14_0441	GO:0009987	bp
PF14_0441	GO:0044464	cc
PF14_0441	GO:0003824	mf

PFI1220w	GO:0009987	bp
PFI1220w	GO:0044464	cc
PFI1220w	GO:0003824	mf

PF11_0307	GO:0009987	bp
PF11_0307	GO:0044464	cc
PF11_0307	GO:0005488	mf

PFF0350w	GO:0009987	bp
PFF0350w	GO:0016020	cc
PFF0350w	GO:0003824	mf

PFI1210w	GO:0009987	bp
PFI1210w	GO:0044464	cc
PFI1210w	GO:0005488	mf

PF14_0635	GO:0009987	bp
PF14_0635	GO:0044464	cc
PF14_0635	GO:0003824	mf

PFI0820c	GO:0009987	bp
PFI0820c	GO:0044464	cc
PFI0820c	GO:0005488	mf

PFI0440w	GO:0009987	bp
PFI0440w	GO:0044217	cc
PFI0440w	GO:0005488	mf

PF10_0324	GO:0009987	bp
PF10_0324	GO:0044464	cc
PF10_0324	GO:0003824	mf

PFL2320w	GO:0008152	bp
PFL2320w	GO:0044464	cc
PFL2320w	GO:0005488	mf

PFC0615w	GO:0044699	bp
PFC0615w	GO:0044464	cc
PFC0615w	GO:0005488	mf

PFL2355w	GO:0009987	bp
PFL2355w	GO:0044464	cc
PFL2355w	GO:0005488	mf

PF08_0119	GO:0051704	bp
PF08_0119	GO:0016020	cc
PF08_0119	GO:0005488	mf

PFD0620c	GO:0009987	bp
PFD0620c	GO:0044464	cc
PFD0620c	GO:0005488	mf

PF11_0422	GO:0009987	bp
PF11_0422	GO:0044464	cc
PF11_0422	GO:0005488	mf

PFE0435c	GO:0009987	bp
PFE0435c	GO:0016020	cc
PFE0435c	GO:0003824	mf

MAL7P1.176	GO:0051704	bp
MAL7P1.176	GO:0044464	cc
MAL7P1.176	GO:0005488	mf

PF10_0237	GO:0009987	bp
PF10_0237	GO:0044464	cc
PF10_0237	GO:0005488	mf

PF13_0253	GO:0009987	bp
PF13_0253	GO:0044464	cc
PF13_0253	GO:0003824	mf

PFC0180c	GO:0009987	bp
PFC0180c	GO:0044464	cc
PFC0180c	GO:0005488	mf

PFI0065w	GO:0051704	bp
PFI0065w	GO:0044217	cc
PFI0065w	GO:0005488	mf

PF11_0340	GO:0009987	bp
PF11_0340	GO:0044464	cc
PF11_0340	GO:0005488	mf

MAL13P1.195	GO:0009987	bp
MAL13P1.195	GO:0044464	cc
MAL13P1.195	GO:0003824	mf

PF14_0562	GO:0009987	bp
PF14_0562	GO:0044464	cc
PF14_0562	GO:0005488	mf

PFC0870w	GO:0009987	bp
PFC0870w	GO:0044464	cc
PFC0870w	GO:0003824	mf

PF10_0355	GO:0009987	bp
PF10_0355	GO:0044464	cc
PF10_0355	GO:0005488	mf

PFF1465w	GO:0009987	bp
PFF1465w	GO:0044464	cc
PFF1465w	GO:0005488	mf

MAL7P1.125	GO:0009987	bp
MAL7P1.125	GO:0044464	cc
MAL7P1.125	GO:0005488	mf

PF14_0708	GO:0009987	bp
PF14_0708	GO:0044464	cc
PF14_0708	GO:0005488	mf

PF10_0169	GO:0009987	bp
PF10_0169	GO:0044464	cc
PF10_0169	GO:0003824	mf

PFA0205w	GO:0009987	bp
PFA0205w	GO:0044464	cc
PFA0205w	GO:0005488	mf

PFB0932w	GO:0009987	bp
PFB0932w	GO:0044464	cc
PFB0932w	GO:0003824	mf

PF10_0169	GO:0044699	bp
PF10_0169	GO:0044425	cc
PF10_0169	GO:0005488	mf

PFI0470w	GO:0009987	bp
PFI0470w	GO:0044464	cc
PFI0470w	GO:0005488	mf

PFI1725w	GO:0009987	bp
PFI1725w	GO:0044464	cc
PFI1725w	GO:0005488	mf

PF13_0161	GO:0008152	bp
PF13_0161	GO:0044464	cc
PF13_0161	GO:0003824	mf

PFB0670c	GO:0009987	bp
PFB0670c	GO:0016020	cc
PFB0670c	GO:0005488	mf

PF14_0596	GO:0009987	bp
PF14_0596	GO:0016020	cc
PF14_0596	GO:0005488	mf

PF14_0754	GO:0050896	bp
PF14_0754	GO:0044464	cc
PF14_0754	GO:0003824	mf

MAL13P1.240	GO:0008152	bp
MAL13P1.240	GO:0044464	cc
MAL13P1.240	GO:0003824	mf

PF11_0033	GO:0050896	bp
PF11_0033	GO:0044464	cc
PF11_0033	GO:0005488	mf

PF11_0304	GO:0050896	bp
PF11_0304	GO:0044464	cc
PF11_0304	GO:0005488	mf

PFD0900w	GO:0009987	bp
PFD0900w	GO:0044464	cc
PFD0900w	GO:0005488	mf

PFI0055c	GO:0009987	bp
PFI0055c	GO:0044217	cc
PFI0055c	GO:0060089	mf

PFL1450c	GO:0009987	bp
PFL1450c	GO:0044464	cc
PFL1450c	GO:0005488	mf

PFI0515w	GO:0009987	bp
PFI0515w	GO:0044464	cc
PFI0515w	GO:0003824	mf

PFC0335c	GO:0009987	bp
PFC0335c	GO:0044464	cc
PFC0335c	GO:0005488	mf

PFI1740c-a	GO:0009987	bp
PFI1740c-a	GO:0044464	cc
PFI1740c-a	GO:0005488	mf

PFL0115w	GO:0051179	bp
PFL0115w	GO:0016020	cc
PFL0115w	GO:0005488	mf

PFD1020c	GO:0009987	bp
PFD1020c	GO:0044464	cc
PFD1020c	GO:0005488	mf

PF14_0645	GO:0009987	bp
PF14_0645	GO:0044464	cc
PF14_0645	GO:0003824	mf

PFF0860c	GO:0009987	bp
PFF0860c	GO:0044464	cc
PFF0860c	GO:0003824	mf

PFC0416w	GO:0009987	bp
PFC0416w	GO:0016020	cc
PFC0416w	GO:0003824	mf

PF13_0165	GO:0009987	bp
PF13_0165	GO:0032991	cc
PF13_0165	GO:0005488	mf

PFB1015w	GO:0009987	bp
PFB1015w	GO:0044464	cc
PFB1015w	GO:0005488	mf

PF11_0304	GO:0050896	bp
PF11_0304	GO:0044464	cc
PF11_0304	GO:0005488	mf

PFC0335c	GO:0009987	bp
PFC0335c	GO:0016020	cc
PFC0335c	GO:0003824	mf

MAL8P1.16	GO:0051704	bp
MAL8P1.16	GO:0044464	cc
MAL8P1.16	GO:0003824	mf

PFA0710c	GO:0009987	bp
PFA0710c	GO:0016020	cc
PFA0710c	GO:0003824	mf

PF14_0747	GO:0009987	bp
PF14_0747	GO:0044464	cc
PF14_0747	GO:0005488	mf

PF14_0206	GO:0008152	bp
PF14_0206	GO:0016020	cc
PF14_0206	GO:0005488	mf

PFC0180c	GO:0009987	bp
PFC0180c	GO:0044464	cc
PFC0180c	GO:0005488	mf

PF11_0034	GO:0051179	bp
PF11_0034	GO:0016020	cc
PF11_0034	GO:0003824	mf

PFD1160w	GO:0009987	bp
PFD1160w	GO:0044464	cc
PFD1160w	GO:0005488	mf

MAL7P1.119	GO:0008152	bp
MAL7P1.119	GO:0044464	cc
MAL7P1.119	GO:0005488	mf

PF08_0066	GO:0009987	bp
PF08_0066	GO:0044464	cc
PF08_0066	GO:0003824	mf

PF10_0357	GO:0050896	bp
PF10_0357	GO:0044464	cc
PF10_0357	GO:0005488	mf

PF10_0146	GO:0009987	bp
PF10_0146	GO:0044464	cc
PF10_0146	GO:0005488	mf

PF11_0008	GO:0051704	bp
PF11_0008	GO:0016020	cc
PF11_0008	GO:0060089	mf

PFI0020w	GO:0009987	bp
PFI0020w	GO:0044215	cc
PFI0020w	GO:0005488	mf

PFD0620c	GO:0009987	bp
PFD0620c	GO:0044464	cc
PFD0620c	GO:0005488	mf

PF10_0231	GO:0051704	bp
PF10_0231	GO:0044217	cc
PF10_0231	GO:0005488	mf

PF13_0163	GO:0009987	bp
PF13_0163	GO:0044464	cc
PF13_0163	GO:0003824	mf

MAL7P1.130	GO:0008152	bp
MAL7P1.130	GO:0016020	cc
MAL7P1.130	GO:0005488	mf

PFB0355c	GO:0009987	bp
PFB0355c	GO:0044464	cc
PFB0355c	GO:0005488	mf

PF14_0754	GO:0009987	bp
PF14_0754	GO:0044464	cc
PF14_0754	GO:0005488	mf

PFC0305w	GO:0009987	bp
PFC0305w	GO:0044464	cc
PFC0305w	GO:0005488	mf

PF10_0324	GO:0009987	bp
PF10_0324	GO:0044464	cc
PF10_0324	GO:0005488	mf

PFB0510w	GO:0009987	bp
PFB0510w	GO:0044464	cc
PFB0510w	GO:0005488	mf

PFD0015c	GO:0051704	bp
PFD0015c	GO:0044217	cc
PFD0015c	GO:0060089	mf

PF14_0003	GO:0051704	bp
PF14_0003	GO:0016020	cc
PF14_0003	GO:0060089	mf

PFD1160w	GO:0009987	bp
PFD1160w	GO:0044464	cc
PFD1160w	GO:0005488	mf

PF10_0324	GO:0009987	bp
PF10_0324	GO:0044464	cc
PF10_0324	GO:0003824	mf

PF13_0107	GO:0008152	bp
PF13_0107	GO:0044464	cc
PF13_0107	GO:0005488	mf

PF14_0165	GO:0009987	bp
PF14_0165	GO:0016020	cc
PF14_0165	GO:0005488	mf

MAL13P1.470	GO:0009987	bp
MAL13P1.470	GO:0044464	cc
MAL13P1.470	GO:0005488	mf

MAL13P1.356	GO:0051704	bp
MAL13P1.356	GO:0044217	cc
MAL13P1.356	GO:0060089	mf

MAL7P1.187	GO:0050896	bp
MAL7P1.187	GO:0016020	cc
MAL7P1.187	GO:0005488	mf

PF14_0030	GO:0050896	bp
PF14_0030	GO:0044464	cc
PF14_0030	GO:0005488	mf

PF13_0355	GO:0009987	bp
PF13_0355	GO:0044464	cc
PF13_0355	GO:0005488	mf

MAL7P1.125	GO:0009987	bp
MAL7P1.125	GO:0044464	cc
MAL7P1.125	GO:0005488	mf

PF11_0304	GO:0050896	bp
PF11_0304	GO:0044464	cc
PF11_0304	GO:0005488	mf

PF11_0340	GO:0009987	bp
PF11_0340	GO:0044464	cc
PF11_0340	GO:0005488	mf

PFD1160w	GO:0009987	bp
PFD1160w	GO:0044464	cc
PFD1160w	GO:0005488	mf

PFA0035c	GO:0009987	bp
PFA0035c	GO:0044464	cc
PFA0035c	GO:0003824	mf

PF13_0107	GO:0009987	bp
PF13_0107	GO:0044464	cc
PF13_0107	GO:0005488	mf

PFD1160w	GO:0009987	bp
PFD1160w	GO:0044464	cc
PFD1160w	GO:0005488	mf

PF11_0122	GO:0009987	bp
PF11_0122	GO:0044464	cc
PF11_0122	GO:0005488	mf

PF10_0357	GO:0050896	bp
PF10_0357	GO:0016020	cc
PF10_0357	GO:0005488	mf

PF11_0304	GO:0050896	bp
PF11_0304	GO:0044464	cc
PF11_0304	GO:0005488	mf

PF14_0530	GO:0009987	bp
PF14_0530	GO:0044464	cc
PF14_0530	GO:0005488	mf

MAL13P1.62	GO:0009987	bp
MAL13P1.62	GO:0044464	cc
MAL13P1.62	GO:0005488	mf

MAL13P1.119	GO:0009987	bp
MAL13P1.119	GO:0044464	cc
MAL13P1.119	GO:0003824	mf

PFL1960w	GO:0051704	bp
PFL1960w	GO:0044217	cc
PFL1960w	GO:0060089	mf

PFD1160w	GO:0009987	bp
PFD1160w	GO:0044464	cc
PFD1160w	GO:0005488	mf

PFA0035c	GO:0009987	bp
PFA0035c	GO:0044464	cc
PFA0035c	GO:0005488	mf

MAL7P1.130	GO:0009987	bp
MAL7P1.130	GO:0016020	cc
MAL7P1.130	GO:0003824	mf

PF14_0703	GO:0008152	bp
PF14_0703	GO:0044464	cc
PF14_0703	GO:0005488	mf

PF14_0754	GO:0009987	bp
PF14_0754	GO:0044464	cc
PF14_0754	GO:0005488	mf

PF13_0201	GO:0009987	bp
PF13_0201	GO:0044464	cc
PF13_0201	GO:0005488	mf

PFE1120w	GO:0008152	bp
PFE1120w	GO:0044464	cc
PFE1120w	GO:0005488	mf

PFL2570w	GO:0050896	bp
PFL2570w	GO:0044217	cc
PFL2570w	GO:0005488	mf

MAL13P1.307	GO:0009987	bp
MAL13P1.307	GO:0044464	cc
MAL13P1.307	GO:0005488	mf

PFE1630w	GO:0008152	bp
PFE1630w	GO:0044464	cc
PFE1630w	GO:0003824	mf

PFA0710c	GO:0050896	bp
PFA0710c	GO:0044464	cc
PFA0710c	GO:0005488	mf

PFD0520c	GO:0009987	bp
PFD0520c	GO:0044464	cc
PFD0520c	GO:0005488	mf

PF10_0357	GO:0050896	bp
PF10_0357	GO:0044464	cc
PF10_0357	GO:0005488	mf

PF11_0304	GO:0050896	bp
PF11_0304	GO:0044464	cc
PF11_0304	GO:0005488	mf

PF08_0107	GO:0051704	bp
PF08_0107	GO:0044425	cc
PF08_0107	GO:0060089	mf

PF14_0165	GO:0009987	bp
PF14_0165	GO:0016020	cc
PF14_0165	GO:0005488	mf

MAL13P1.84	GO:0009987	bp
MAL13P1.84	GO:0044464	cc
MAL13P1.84	GO:0005488	mf

MAL13P1.475	GO:0009987	bp
MAL13P1.475	GO:0044464	cc
MAL13P1.475	GO:0005488	mf

PFI1740c-a	GO:0051179	bp
PFI1740c-a	GO:0044464	cc
PFI1740c-a	GO:0003824	mf

PF11_0308	GO:0009987	bp
PF11_0308	GO:0044464	cc
PF11_0308	GO:0003824	mf

PFC0835c	GO:0008152	bp
PFC0835c	GO:0044464	cc
PFC0835c	GO:0005488	mf

PFD0645w	GO:0051704	bp
PFD0645w	GO:0044217	cc
PFD0645w	GO:0060089	mf

PF07_0138	GO:0051704	bp
PF07_0138	GO:0044217	cc
PF07_0138	GO:0060089	mf

PF14_0009	GO:0008152	bp
PF14_0009	GO:0016020	cc
PF14_0009	GO:0003824	mf

PF07_0051	GO:0009987	bp
PF07_0051	GO:0044464	cc
PF07_0051	GO:0005488	mf

PF08_0141	GO:0044699	bp
PF08_0141	GO:0044464	cc
PF08_0141	GO:0005488	mf

PF08_0140	GO:0051704	bp
PF08_0140	GO:0016020	cc
PF08_0140	GO:0060089	mf

MAL7P1.310	GO:0051704	bp
MAL7P1.310	GO:0016020	cc
MAL7P1.310	GO:0060089	mf

PFF1020c	GO:0008152	bp
PFF1020c	GO:0044464	cc
PFF1020c	GO:0005488	mf

PFC0740c	GO:0009987	bp
PFC0740c	GO:0044464	cc
PFC0740c	GO:0003824	mf

PFL1970w	GO:0051704	bp
PFL1970w	GO:0044425	cc
PFL1970w	GO:0060089	mf

PF08_0104	GO:0051704	bp
PF08_0104	GO:0044217	cc
PF08_0104	GO:0060089	mf

MAL7P1.92	GO:0009987	bp
MAL7P1.92	GO:0044217	cc
MAL7P1.92	GO:0005488	mf

PFL0195w	GO:0009987	bp
PFL0195w	GO:0044464	cc
PFL0195w	GO:0005488	mf

PFI1115c	GO:0008152	bp
PFI1115c	GO:0016020	cc
PFI1115c	GO:0003824	mf

PF14_0754	GO:0009987	bp
PF14_0754	GO:0044464	cc
PF14_0754	GO:0005488	mf

MAL7P1.218	GO:0051704	bp
MAL7P1.218	GO:0044217	cc
MAL7P1.218	GO:0005488	mf

PF11_0281	GO:0009987	bp
PF11_0281	GO:0044464	cc
PF11_0281	GO:0003824	mf

PF11_0146	GO:0009987	bp
PF11_0146	GO:0044464	cc
PF11_0146	GO:0005488	mf

PF11_0505	GO:0009987	bp
PF11_0505	GO:0044464	cc
PF11_0505	GO:0003824	mf

MAL7P1.203	GO:0008152	bp
MAL7P1.203	GO:0044464	cc
MAL7P1.203	GO:0003824	mf

PFA0105w	GO:0050896	bp
PFA0105w	GO:0044217	cc
PFA0105w	GO:0003824	mf

PFF0060w	GO:0009987	bp
PFF0060w	GO:0044464	cc
PFF0060w	GO:0003824	mf

PF13_0045	GO:0009987	bp
PF13_0045	GO:0044464	cc
PF13_0045	GO:0005198	mf

PFB0025c	GO:0009987	bp
PFB0025c	GO:0044464	cc
PFB0025c	GO:0005488	mf

PFA0640c	GO:0050896	bp
PFA0640c	GO:0044217	cc
PFA0640c	GO:0005488	mf

PFA0105w	GO:0050896	bp
PFA0105w	GO:0044217	cc
PFA0105w	GO:0060089	mf

PF14_0401	GO:0009987	bp
PF14_0401	GO:0032991	cc
PF14_0401	GO:0003824	mf

PF10_0394	GO:0051704	bp
PF10_0394	GO:0016020	cc
PF10_0394	GO:0060089	mf

PFB0065w	GO:0050896	bp
PFB0065w	GO:0044217	cc
PFB0065w	GO:0005488	mf

MAL13P1.356	GO:0051704	bp
MAL13P1.356	GO:0044425	cc
MAL13P1.356	GO:0060089	mf

PF08_0141	GO:0050896	bp
PF08_0141	GO:0044217	cc
PF08_0141	GO:0060089	mf

PF14_0768	GO:0051704	bp
PF14_0768	GO:0044217	cc
PF14_0768	GO:0060089	mf

MAL13P1.356	GO:0051704	bp
MAL13P1.356	GO:0044217	cc
MAL13P1.356	GO:0060089	mf

PFA0015c	GO:0050896	bp
PFA0015c	GO:0044217	cc
PFA0015c	GO:0060089	mf

PF10_0288	GO:0009987	bp
PF10_0288	GO:0044464	cc
PF10_0288	GO:0005488	mf

PF10_0404	GO:0050896	bp
PF10_0404	GO:0044217	cc
PF10_0404	GO:0060089	mf

PF11_0010	GO:0009987	bp
PF11_0010	GO:0044464	cc
PF11_0010	GO:0005488	mf

PF11_0356	GO:0009987	bp
PF11_0356	GO:0044464	cc
PF11_0356	GO:0003824	mf

PFD1000c	GO:0051704	bp
PFD1000c	GO:0016020	cc
PFD1000c	GO:0060089	mf

PFL0695c	GO:0009987	bp
PFL0695c	GO:0016020	cc
PFL0695c	GO:0005488	mf

PF11_0281	GO:0009987	bp
PF11_0281	GO:0016020	cc
PF11_0281	GO:0005488	mf

PFI1216w	GO:0009987	bp
PFI1216w	GO:0044217	cc
PFI1216w	GO:0005488	mf

PFF0020c	GO:0050896	bp
PFF0020c	GO:0044217	cc
PFF0020c	GO:0005488	mf

PF10_0324	GO:0009987	bp
PF10_0324	GO:0044464	cc
PF10_0324	GO:0005488	mf

PFD0615c	GO:0051704	bp
PFD0615c	GO:0044217	cc
PFD0615c	GO:0060089	mf

PF13_0045	GO:0009987	bp
PF13_0045	GO:0044464	cc
PF13_0045	GO:0005198	mf

MAL7P1.218	GO:0009987	bp
MAL7P1.218	GO:0044217	cc
MAL7P1.218	GO:0005488	mf

PF14_0209	GO:0009987	bp
PF14_0209	GO:0044464	cc
PF14_0209	GO:0005488	mf

MAL7P1.187	GO:0051704	bp
MAL7P1.187	GO:0016020	cc
MAL7P1.187	GO:0060089	mf

PF11_0130	GO:0009987	bp
PF11_0130	GO:0044464	cc
PF11_0130	GO:0005488	mf

PF11_0332	GO:0009987	bp
PF11_0332	GO:0043226	cc
PF11_0332	GO:0005488	mf

PFA0035c	GO:0009987	bp
PFA0035c	GO:0044464	cc
PFA0035c	GO:0003824	mf

PF14_0033	GO:0051704	bp
PF14_0033	GO:0044217	cc
PF14_0033	GO:0060089	mf

PF11_0517	GO:0051704	bp
PF11_0517	GO:0016020	cc
PF11_0517	GO:0060089	mf

PFD1230c	GO:0051704	bp
PFD1230c	GO:0044217	cc
PFD1230c	GO:0060089	mf

PFF0060w	GO:0009987	bp
PFF0060w	GO:0043226	cc
PFF0060w	GO:0003824	mf

PF10_0324	GO:0009987	bp
PF10_0324	GO:0044464	cc
PF10_0324	GO:0005198	mf

PFE0020c	GO:0051704	bp
PFE0020c	GO:0044217	cc
PFE0020c	GO:0060089	mf

PFI0025c	GO:0009987	bp
PFI0025c	GO:0044217	cc
PFI0025c	GO:0060089	mf

PF11_0519	GO:0051704	bp
PF11_0519	GO:0044217	cc
PF11_0519	GO:0060089	mf

PF13_0004	GO:0050896	bp
PF13_0004	GO:0044217	cc
PF13_0004	GO:0005488	mf

PF11_0010	GO:0009987	bp
PF11_0010	GO:0044464	cc
PF11_0010	GO:0005488	mf

PFF0005c	GO:0009987	bp
PFF0005c	GO:0044217	cc
PFF0005c	GO:0003824	mf

PF13_0300	GO:0009987	bp
PF13_0300	GO:0044464	cc
PF13_0300	GO:0005488	mf

PF11_0517	GO:0051179	bp
PF11_0517	GO:0016020	cc
PF11_0517	GO:0003824	mf

PF14_0004	GO:0009987	bp
PF14_0004	GO:0044464	cc
PF14_0004	GO:0005488	mf

PF14_0086	GO:0009987	bp
PF14_0086	GO:0044464	cc
PF14_0086	GO:0003824	mf

PF13_0004	GO:0050896	bp
PF13_0004	GO:0044217	cc
PF13_0004	GO:0060089	mf

PF13_0004	GO:0050896	bp
PF13_0004	GO:0044217	cc
PF13_0004	GO:0005488	mf

PF13_0300	GO:0009987	bp
PF13_0300	GO:0044464	cc
PF13_0300	GO:0005488	mf

PF11_0517	GO:0051704	bp
PF11_0517	GO:0044217	cc
PF11_0517	GO:0060089	mf

MAL8P1.52	GO:0009987	bp
MAL8P1.52	GO:0044464	cc
MAL8P1.52	GO:0005488	mf

PFB1020w	GO:0050896	bp
PFB1020w	GO:0044217	cc
PFB1020w	GO:0005488	mf

PFF0760w	GO:0044699	bp
PFF0760w	GO:0044464	cc
PFF0760w	GO:0005488	mf

PFF0790c	GO:0008152	bp
PFF0790c	GO:0044464	cc
PFF0790c	GO:0005488	mf

MAL8P1.26	GO:0009987	bp
MAL8P1.26	GO:0044464	cc
MAL8P1.26	GO:0005488	mf

PFI1815c	GO:0050896	bp
PFI1815c	GO:0044217	cc
PFI1815c	GO:0005488	mf

PFI1815c	GO:0050896	bp
PFI1815c	GO:0044217	cc
PFI1815c	GO:0060089	mf

PF10_0324	GO:0009987	bp
PF10_0324	GO:0044464	cc
PF10_0324	GO:0005488	mf

PF11_0519	GO:0051704	bp
PF11_0519	GO:0044217	cc
PF11_0519	GO:0060089	mf

PFL1130c	GO:0009987	bp
PFL1130c	GO:0044464	cc
PFL1130c	GO:0005488	mf

PFI0985c	GO:0009987	bp
PFI0985c	GO:0044464	cc
PFI0985c	GO:0005215	mf

PF11_0519	GO:0009987	bp
PF11_0519	GO:0044464	cc
PF11_0519	GO:0005488	mf

PFI1725w	GO:0050896	bp
PFI1725w	GO:0044217	cc
PFI1725w	GO:0003824	mf

PFC0005w	GO:0051704	bp
PFC0005w	GO:0044217	cc
PFC0005w	GO:0060089	mf

PF14_0389	GO:0009987	bp
PF14_0389	GO:0043226	cc
PF14_0389	GO:0005488	mf

MAL13P1.188	GO:0051179	bp
MAL13P1.188	GO:0044464	cc
MAL13P1.188	GO:0005488	mf

PF11_0519	GO:0051704	bp
PF11_0519	GO:0044217	cc
PF11_0519	GO:0060089	mf

PFL0115w	GO:0009987	bp
PFL0115w	GO:0044464	cc
PFL0115w	GO:0003824	mf

PFA0680c	GO:0009987	bp
PFA0680c	GO:0043226	cc
PFA0680c	GO:0005488	mf

PF11_0010	GO:0009987	bp
PF11_0010	GO:0016020	cc
PF11_0010	GO:0005488	mf

